collecte_utc,jour,source,resultat,octets,sha256_telechargement,lignes,pdc_distincts,mode,octets_archives,entrees,sorties,contenu_modifie,date_maj_seule,verification,sha256_canonique,duree_s,erreur,audit,audit_lignes,audit_pdc_distincts,audit_doublons_resolus,audit_pdc_perdus,audit_statuts
2026-09-19T09:50:42+00:00,2026-09-19,github,ok,120761275,8394580d774134cfb85b6884fcd37a513c27349fa6139540140ddf068f5e6d51,168674,168672,complet,6266713,,,,,ok,894f15380180847e920715f467aa6cce59127503f2eb9ad07475f5be0a36a2f1,21.2,,,,,,,
2026-09-20T20:02:55+00:00,2026-09-20,local,ok,120761275,8394580d774134cfb85b6884fcd37a513c27349fa6139540140ddf068f5e6d51,168674,168672,diff,490,0,0,0,0,ok,894f15380180847e920715f467aa6cce59127503f2eb9ad07475f5be0a36a2f1,8.1,,,,,,,
2026-09-21T03:07:06+00:00,2026-09-21,github,ok,120761275,8394580d774134cfb85b6884fcd37a513c27349fa6139540140ddf068f5e6d51,168674,168672,complet,6266713,,,,,ok,894f15380180847e920715f467aa6cce59127503f2eb9ad07475f5be0a36a2f1,20.4,,ok,396057,169019,227038,347,removed_because_not_in_prioritary_dataset=176749 | unique=105697 | kept_because_in_prioritary_dataset=52491 | removed_because_resource_not_more_recent=34574 | removed_because_date_maj_not_more_recent=15154 | kept_because_date_maj_more_recent=6505 | kept_because_resource_more_recent=3878 | removed_because_no_rule_applies=773 | removed_because_exact_duplicate_in_same_file=133 | kept_because_exact_duplicate_in_same_file=103
2026-09-22T03:07:05+00:00,2026-09-22,github,ok,120773239,3e0d7b963d14bdeb2556932d6676c5ae00cdb09dff00f31576119bd05cd3903c,168690,168688,diff,283295,19,3,149,86496,ok,497afd9a1fba5dcc93daaac24e14b7ac9490425671efe6e8706932840a689e4d,18.0,,,,,,,
2026-09-23T03:07:07+00:00,2026-09-23,github,ok,120795630,4af39d1397eabc548fa5c2c9784d88de759372e6d1bbff7b444bb6b2a8db7bfb,168724,168722,diff,316470,34,0,381,95218,ok,df0f45904c1359234599c6b6868251cd2de3180b2618a001a355d0c15145b2af,21.7,,,,,,,
2026-09-24T03:07:05+00:00,2026-09-24,github,ok,120795630,4af39d1397eabc548fa5c2c9784d88de759372e6d1bbff7b444bb6b2a8db7bfb,168724,168722,diff,490,0,0,0,0,ok,df0f45904c1359234599c6b6868251cd2de3180b2618a001a355d0c15145b2af,19.2,,,,,,,
2026-09-25T03:07:06+00:00,2026-09-25,github,ok,121155591,5a9942a2f852291ab02ad10bad38673acde683ea964ab9192337da77881f3b3d,169246,169244,diff,353301,526,4,878,88140,ok,e3888ca12042966ed5d3d8b30d688789b17ee7212d1d6bd288e41af9ef0b003e,20.0,,,,,,,
2026-09-26T03:07:05+00:00,2026-09-26,github,ok,121155591,5a9942a2f852291ab02ad10bad38673acde683ea964ab9192337da77881f3b3d,169246,169244,diff,490,0,0,0,0,ok,e3888ca12042966ed5d3d8b30d688789b17ee7212d1d6bd288e41af9ef0b003e,21.6,,,,,,,
2026-09-27T03:07:05+00:00,2026-09-27,github,ok,121275835,033bc87e8dc0dd51987547e8c13d1d3f607866f5824bccfcc7aef202987cd1b1,169397,169395,diff,432900,154,3,2560,94768,ok,9c7e26bcd3c9ea572d9c3e5cc1ac80619a495f91d6e4f2661fe37325c57396b0,26.2,,,,,,,
2026-09-28T03:07:06+00:00,2026-09-28,github,ok,121281907,14f76dfd2e7902c5ca62aa207e5f9a56395c40618d6748b4f98bf927cebcdcc7,169404,169402,complet,6297620,,,,,ok,c8df400b3b0155b31f740af474d17d5beac3e593cc5fdd7356111772859c2378,17.3,,ok,404074,169740,234334,338,removed_because_not_in_prioritary_dataset=176980 | unique=106214 | kept_because_in_prioritary_dataset=52589 | removed_because_resource_not_more_recent=41156 | removed_because_date_maj_not_more_recent=15648 | kept_because_date_maj_more_recent=6524 | kept_because_resource_more_recent=3974 | removed_because_no_rule_applies=753 | removed_because_exact_duplicate_in_same_file=133 | kept_because_exact_duplicate_in_same_file=103
2026-09-29T03:07:06+00:00,2026-09-29,github,ok,121281449,7233c4f49db4448c89f41a8444d98037c4efe29661e3213771dab78b4f684800,169404,169402,diff,282722,0,0,215,86722,ok,c81de7322858ad7199c7102fc7c8655676fa0cf9b7f87f552724122ab5c06fb4,20.8,,,,,,,
2026-09-30T03:07:05+00:00,2026-09-30,github,ok,121281449,7233c4f49db4448c89f41a8444d98037c4efe29661e3213771dab78b4f684800,169404,169402,diff,490,0,0,0,0,ok,c81de7322858ad7199c7102fc7c8655676fa0cf9b7f87f552724122ab5c06fb4,18.1,,,,,,,
2026-10-01T03:07:05+00:00,2026-10-01,github,ok,121560301,129f6a592f7066e9ea5d572cb848191d923f3b9f0f67a43412ef71ec8fe93849,169658,169656,diff,438503,296,42,2358,108287,ok,2df1647961ee4b90f86c333d7fbfa150b2c540c351cf878716c3b58ee5605433,20.7,,,,,,,
2026-10-02T06:19:47+00:00,2026-10-02,github,ok,121728403,3158d5b3b5b08be147a67eeaaa54b4cd0d22657157c99e047a48ed6406e05629,169875,169873,diff,401406,220,3,1579,97307,ok,c6d9f453e892f02467dd82e018497cd4af136fb726868ebcb28cbe943aebc09e,22.2,,,,,,,
2026-10-03T03:07:06+00:00,2026-10-03,github,ok,121728403,3158d5b3b5b08be147a67eeaaa54b4cd0d22657157c99e047a48ed6406e05629,169875,169873,diff,490,0,0,0,0,ok,c6d9f453e892f02467dd82e018497cd4af136fb726868ebcb28cbe943aebc09e,23.6,,,,,,,
2026-10-04T03:07:07+00:00,2026-10-04,github,ok,121858722,0f8cbdf18f4e925dc653b8948d1ed5718d4bd35ef0c246c60323b1dac350ca3f,170091,170089,diff,33441,222,6,38,8292,ok,282c615719cc38b88048fd8aa2830939ff4a96d7f6aca742901e162496886adc,25.0,,,,,,,
2026-10-05T03:07:07+00:00,2026-10-05,github,ok,121858722,0f8cbdf18f4e925dc653b8948d1ed5718d4bd35ef0c246c60323b1dac350ca3f,170091,170089,complet,6328749,,,,,ok,282c615719cc38b88048fd8aa2830939ff4a96d7f6aca742901e162496886adc,25.5,,ok,408373,170416,237957,327,removed_because_not_in_prioritary_dataset=179393 | unique=105565 | kept_because_in_prioritary_dataset=53927 | removed_because_resource_not_more_recent=42362 | removed_because_date_maj_not_more_recent=15663 | kept_because_date_maj_more_recent=6487 | kept_because_resource_more_recent=4009 | removed_because_no_rule_applies=731 | removed_because_exact_duplicate_in_same_file=133 | kept_because_exact_duplicate_in_same_file=103
2026-10-06T03:07:06+00:00,2026-10-06,github,ok,121861511,040c0586bb51821bef5dd141cf62332e1230d0b6960527cce8bc726c435fa181,170094,170092,diff,24485,8,5,20,8279,ok,4f0451ceac55bc1305f4edb5613fbbb67a25701a7a80aa57e6fde9f2d7aa0d5b,21.5,,,,,,,
2026-10-07T03:07:06+00:00,2026-10-07,github,ok,122091381,df63d206cefe0c9c6064f2fb9a04d055e043e1504dc9695f1fb0df173b1a7a85,170482,170480,diff,1508240,701,313,24755,96879,ok,a02ad5b928eb3721651a18d8d703baf8b052028d24cda3a1e362b677ae13ffc8,21.3,,,,,,,
2026-10-08T03:07:06+00:00,2026-10-08,github,ok,122198464,4451d651db27963edd63c6221b6274d9462bf31cfc4e9138069dce9bded6b3bb,170624,170622,diff,324282,154,12,561,89592,ok,379bc5b9990c0a9d0bec88a0a5a6cb0dfbc4849793b613c199781f296dea7fa9,24.3,,,,,,,
2026-10-09T03:07:04+00:00,2026-10-09,github,ok,122198464,4451d651db27963edd63c6221b6274d9462bf31cfc4e9138069dce9bded6b3bb,170624,170622,diff,490,0,0,0,0,ok,379bc5b9990c0a9d0bec88a0a5a6cb0dfbc4849793b613c199781f296dea7fa9,22.5,,,,,,,
2026-10-10T03:07:07+00:00,2026-10-10,github,ok,122205882,17e3f06d1560cfc5bd34483d5d5ed535a6e500d4c23ef4dd05449083fdcf9586,170636,170634,diff,52586,12,0,31,18166,ok,a1a3b72a28a78261cf61111f43519430b3db310dede7d1f2a6bd7f92c2cfabd9,25.3,,,,,,,
