id_pdc_itinerance,_occ
FRBHMECOMHOA1,000
FRBHMEFORMAB1,000
FRBHMEGAREL1,000
FRBHMEMCCB1,000
FREBNEBHWJG1,000
FREBNEBVEEMOLD1,000
FREBNEBVEEMOLD2,000
FREBNEBVEEMOLD3,000
FREFLEV0651887C1,000
FREFLEV1111408C1,000
FREFLEV1111408C2,000
FREFLEV1111408C3,000
FREFLEV1111408C4,000
FREFLEV2490917C1,000
FREFLEV4195161C1,000
FREFLEV4621674C1,000
FREFLEV4621674C2,000
FREFLEV4621674C3,000
FREFLEV4621674C4,000
FREFLEV4667820C1,000
FREFLEV5108750C1,000
FREFLEV5108750C2,000
FREFLEV5108750C3,000
FREFLEV5108750C4,000
FREFLEV5769667C1,000
FREFLEV5769667C2,000
FREFLEV5948023C1,000
FREFLEV5948023C2,000
FREFLEV5948023C3,000
FREFLEV6450388C1,000
FREFLEV8158538C1,000
FREFLEV8158538C2,000
FREVZECOLM1,000
FREVZECOLM2,000
FREVZEELKY1,000
FRFR1EARRV1,000
FRFR1EARRV2,000
FRFR1EASEA1,000
FRFR1EATCV1,000
FRFR1EBCTS1,000
FRFR1ECSCM1,000
FRFR1EDDUZ1,000
FRFR1EDENZ1,000
FRFR1EDENZ2,000
FRFR1EDHSJ1,000
FRFR1EDHSJ2,000
FRFR1EDWVQ1,000
FRFR1EDWWD1,000
FRFR1EDWWD2,000
FRFR1EDXSA1,000
FRFR1EDXSA2,000
FRFR1EDYPM1,000
FRFR1EDYPM2,000
FRFR1EDYSY1,000
FRFR1EDYSY2,000
FRFR1EDZFN1,000
FRFR1EDZFN2,000
FRFR1EDZRD1,000
FRFR1EECSY1,000
FRFR1EECSY2,000
FRFR1EEPYA1,000
FRFR1EFGBG1,000
FRFR1EFGBG2,000
FRFR1EFKDK1,000
FRFR1EFLPN1,000
FRFR1EGULQ1,000
FRFR1EHBAN1,000
FRFR1EHPUM1,000
FRFR1EJJSW1,000
FRFR1EJVXL1,000
FRFR1EJVXL2,000
FRFR1EJVXL3,000
FRFR1ELBYG1,000
FRFR1ELBYG2,000
FRFR1ELCEV1,000
FRFR1ELGSD1,000
FRFR1ELGSD2,000
FRFR1ELJVB1,000
FRFR1ELVKG1,000
FRFR1ELVKG2,000
FRFR1ELVKG3,000
FRFR1EMCLG1,000
FRFR1EMCLG2,000
FRFR1EMCSB1,000
FRFR1EMCSB2,000
FRFR1EMEGL1,000
FRFR1ENELE1,000
FRFR1ENELE2,000
FRFR1ENTJJ1,000
FRFR1ENVSJ1,000
FRFR1ENYMU1,000
FRFR1ENYMU2,000
FRFR1ENZGA1,000
FRFR1ENZGA2,000
FRFR1EPBEM1,000
FRFR1EPCJD1,000
FRFR1EPUEP1,000
FRFR1EQMAV1,000
FRFR1EQMAV2,000
FRFR1EQQMG1,000
FRFR1ERXFY1,000
FRFR1ERXFY2,000
FRFR1ESCUH1,000
FRFR1ESHCD1,000
FRFR1ESHCD2,000
FRFR1ETHLJ1,000
FRFR1EVCDY1,000
FRFR1EVFZR1,000
FRFR1EVQCC1,000
FRFR1EVQCC2,000
FRFR1EVSAF1,000
FRFR1EVSAF2,000
FRFR1EVSVB1,000
FRFR1EVSVB2,000
FRFR1EVTSN1,000
FRFR1EVTSN2,000
FRFR1EVUJQ1,000
FRFR1EVUJQ2,000
FRFR1EVUPL1,000
FRFR1EVUPL2,000
FRFR1EVVMF1,000
FRFR1EVWFF1,000
FRFR1EVWFF2,000
FRFR1EWUPD1,000
FRFR1EXMNX1,000
FRFR1EYETV1,000
FRFR1EYNJV1,000
FRFR1EYWGM1,000
FRFR1EYZVK1,000
FRFR1EZAMX1,000
FRFR1EZAMX2,000
FRFR1EZKUY1,000
FRFR1EZPTP1,000
FRGYME4511635,000
FRGYME4528396,000
FRGYME4528399,000
FRGYMEC22407003,000
FRLE2ECZNA1,000
FRLE2ECZNA2,000
FRLE2EHJRW1,000
FRLE2EHJRW2,000
FRLE2EWQJW1,000
FRLE2EWQJW2,000
FRLE2EXTNV1,000
FRLE2EXTNV2,000
FRQWCEVR5GX11,000
FRQWCEVR5GX12,000
FRRVEEBOUY002883CP1,000
FRRVEECUSDE65LOU4651001CP1,000
FRRVEECUSDE65LOU4651002CP1,000
FRRVEES11E110340011BCP1,000
FRRVEES11E110340011CP1,000
FRRVEES66E661820011BCP1,000
FRRVEES66E661820011CP1,000
FRS10EAUMV1,000
FRS10EAUMV2,000
FRS56EVWQG1,000
FRS56EVWQG2,000
FRSLFESAPCAEN01LEGCP1,000
FRSLFESAPCAEN01LEGCP2,000
FRSLFESAPCAEN021,000
FRSLFESAPCAEN022,000
FRSLFESAPCAEN031,000
FRSLFESAPCAEN032,000
FRSLFESAPCAEN041,000
FRSLFESAPCAEN042,000
FRSLFESAPCAEN051,000
FRSLFESAPCAEN052,000
FRSLFESAPCAEN061,000
FRSLFESAPCAEN062,000
FRSLFESAPCAEN071,000
FRSLFESAPCAEN072,000
FRSLFESAPMOUGINS13ABBCP1,000
FRSLFESAPMOUGINS14CP1,000
FRSLFESAPMOUGINS151,000
FRSLFESAPMOUGINS152,000
FRSLFESAPMOUGINS162,000
FRSLFESAPMOUGINS16CP1,000
FRSLFESAPMOUGINS171,000
FRSLFESAPMOUGINS172,000
FRSLFESAPMOUGINS181,000
FRSLFESAPMOUGINS19A1,000
FRSLFESAPMOUGINS19B1,000
FRSLFESAPMOUGINS201,000
FRSLFESAPMOUGINS202,000
FRSLFESAPMOUGINS211,000
FRSLFESAPMOUGINS212,000
FRSLFESAPMOUGINS221,000
FRSLFESAPMOUGINS222,000
FRSWSE6150595,000
FRSWSE6150725,000
FRSWSE6382577,000
FRSWSE6382578,000
FRWA2E3400074,000
FRWA2E3400077,000
FRWA2E3792626,000
FRWA2E4220946,000
FRWA2E4420310,000
FRWA2E6137066,000
FRWA2E6137067,000
FRWA2E6137068,000
FRWA2E6137069,000
FRWA2E6137070,000
FRWA2E6137071,000
FRWA2E6137072,000
FRWA2E6137073,000
FRWA2E6137074,000
FRWA2E6137075,000
FRWA2E6137076,000
FRWA2E6137077,000
FRWA2E6223910,000
FRWA2E6223914,000
FRWA2E6270310,000
FRWA2E6270327,000
FRWA2E6270858,000
FRWA2E6270877,000
FRWA2E6270884,000
FRWA2E6270902,000
FRWA2E6270912,000
FRWA2E6270946,000
FRWA2E6285824,000
FRWA2E6285829,000
FRWA2E6285833,000
FRWA2E6285881,000
FRWA2E6323178,000
FRWA2E6323184,000
FRWA2E6323189,000
FRWA2E6323192,000
FRWA2E6323198,000
FRWA2E6323201,000
FRWA2E6329198,000
FRWA2E6329206,000
FRWA2E6329208,000
FRWA2E6329209,000
FRWA2E6329212,000
FRWA2E6329218,000
FRWA2E6329220,000
FRWA2E6369808,000
FRWA2E6369814,000
FRWA2E6369824,000
FRWA2E6369834,000
FRWA2E6393538,000
FRWA2E6393545,000
FRWA2E6396337,000
FRWA2E6396343,000
FRWA2E6396345,000
FRWA2E6396360,000
FRWA2E6396375,000
FRWA2E6398665,000
FRWA2E6398667,000
FRWA2E6398668,000
FRWA2E6398671,000
FRWA2E6398899,000
FRWA2E6408388,000
FRWA2E6408397,000
FRWGOEPRDSHFPO11,000
FRWGOEPRDSHFPO12,000
FRWGOEPRDSHGDSH11,000
FRWGOEPRDSHGDSH12,000
FRWGOEPRDSHGYM11,000
FRWGOEPRDSHGYM12,000
FRWGOEPRDSHMMPR11,000
FRWGOEPRDSHMMPR12,000
FRWGOEPRDSHMMPR21,000
FRWGOEPRDSHMMPR22,000
FRWGOEPRDSHMMPR31,000
FRWGOEPRDSHMMPR32,000
FRWGOEPRDSHPSC11,000
FRWGOEPRDSHPSC12,000
FRWGOEPRHLSSTA11,000
FRWGOEPRHLSSTA12,000
FRWGOEPRKFHPKV11,000
FRWGOEPRKFHPKV12,000
FRWGOEPRKLTGKLT11,000
FRWGOEPRKLTGKLT12,000
FRWGOEPRRZAGRA11,000
FRWGOEPRRZAGRA12,000
FRWGOEPRSFLCER11,000
FRWGOEPRSFLCER12,000
FRWGOEPRSFLCSC11,000
FRWGOEPRSFLCSC12,000
FRWGOEPRSFLMON11,000
FRWGOEPRSFLMON12,000
FRY55EFR04000DIGNELESBAINS0,000
FRY55EFR05000MAISONAGRICULTEURS3,000
FRY55EFR05000MAISONAGRICULTEURS4,000
FRY55EFR13090AX1UM0,000
FRY55EFR13090AX1UM1,000
FRY55EFR20137VECCH100,000
FRY55EFR22200ETABLISSEMENT0,000
FRY55EFR24200YESSSARLAT0,000
FRY55EFR31130ATELIER0,000
FRY55EFR31130ATELIER1,000
FRY55EFR34410AIRCAMP1,000
FRY55EFR34970OASISPALAVASIENNE0,000
FRY55EFR35000COTEEMRAUDE1,000
FRY55EFR44800HOTELMERCURE1,000
FRY55EFR44800HOTELMERCURE3,000
FRY55EFR44800HOTELMERCURE4,000
FRY55EFR59930YESSSLILLEOUEST0,000
FRY55EFR59930YESSSLILLEOUEST1,000
FRY55EFR59930YESSSLILLEOUEST2,000
FRY55EFR59930YESSSLILLEOUEST3,000
FRY55EFR66000H0P1TAL0,000
FRY55EFR66000H0P1TAL1,000
FRY55EFR66000H0P1TAL2,000
FRY55EFR66000H0P1TAL3,000
FRY55EFR66000H0P1TAL4,000
FRY55EFR66000H0P1TAL5,000
FRY55EFR78680EPONEII0,000
FRY55EFR78680EPONEII1,000
FRZP1E80416,000
FRZP1E97414,000
