debut_utc,fin_utc,dt_min,pdc_communs,horodatage_avance,pct_horodatage_avance,etat_ou_occupation_change,pct_change,entrees,sorties,pdc_flux
2026-09-17T20:23:12+00:00,2026-09-17T20:23:25+00:00,0.22,110759,389,0.3512,112,0.1011,0,0,110759
2026-09-17T20:23:25+00:00,2026-09-17T20:25:00+00:00,1.58,110759,302,0.2727,193,0.1743,0,0,110759
2026-09-17T20:25:00+00:00,2026-09-17T20:29:59+00:00,4.98,110759,1282,1.1575,601,0.5426,0,0,110759
2026-09-17T20:29:59+00:00,2026-09-17T20:35:00+00:00,5.02,110759,1308,1.1809,575,0.5191,0,0,110759
2026-09-17T20:35:00+00:00,2026-09-17T20:40:00+00:00,5.0,110759,1318,1.19,590,0.5327,0,0,110759
2026-09-17T20:40:00+00:00,2026-09-17T20:44:59+00:00,4.98,110759,1216,1.0979,504,0.455,0,0,110759
2026-09-17T20:44:59+00:00,2026-09-17T20:49:59+00:00,5.0,110759,1135,1.0247,524,0.4731,0,0,110759
2026-09-17T20:49:59+00:00,2026-09-17T20:55:00+00:00,5.02,110759,1231,1.1114,541,0.4884,0,0,110759
2026-09-17T20:55:00+00:00,2026-09-17T21:00:00+00:00,5.0,110759,1232,1.1123,481,0.4343,0,0,110759
2026-09-17T21:00:00+00:00,2026-09-17T21:04:59+00:00,4.98,110759,3137,2.8323,686,0.6194,0,0,110759
2026-09-17T21:04:59+00:00,2026-09-17T21:09:59+00:00,5.0,110759,1181,1.0663,437,0.3946,0,0,110759
2026-09-17T21:09:59+00:00,2026-09-17T21:14:59+00:00,5.0,110759,1204,1.087,493,0.4451,0,0,110759
2026-09-17T21:14:59+00:00,2026-09-17T21:20:00+00:00,5.02,110759,1143,1.032,439,0.3964,0,0,110759
2026-09-17T21:20:00+00:00,2026-09-17T21:24:59+00:00,4.98,110759,1052,0.9498,407,0.3675,0,0,110759
2026-09-17T21:24:59+00:00,2026-09-17T21:29:59+00:00,5.0,110759,1075,0.9706,410,0.3702,0,0,110759
2026-09-17T21:29:59+00:00,2026-09-17T21:35:00+00:00,5.02,110759,1106,0.9986,413,0.3729,0,0,110759
2026-09-17T21:35:00+00:00,2026-09-17T21:40:00+00:00,5.0,110759,1106,0.9986,396,0.3575,0,0,110759
2026-09-17T21:40:00+00:00,2026-09-17T21:45:00+00:00,5.0,110759,1106,0.9986,397,0.3584,0,0,110759
2026-09-17T21:45:00+00:00,2026-09-17T21:50:00+00:00,5.0,110759,1061,0.9579,378,0.3413,0,0,110759
2026-09-17T21:50:00+00:00,2026-09-17T21:55:00+00:00,5.0,110759,1043,0.9417,377,0.3404,0,0,110759
2026-09-17T21:55:00+00:00,2026-09-17T21:59:59+00:00,4.98,110759,1098,0.9913,383,0.3458,0,0,110759
2026-09-17T21:59:59+00:00,2026-09-17T22:04:59+00:00,5.0,110759,3043,2.7474,537,0.4848,0,0,110759
2026-09-17T22:04:59+00:00,2026-09-17T22:10:00+00:00,5.02,110759,1126,1.0166,416,0.3756,0,0,110759
2026-09-17T22:10:00+00:00,2026-09-17T22:15:00+00:00,5.0,110759,1142,1.0311,377,0.3404,0,0,110759
2026-09-17T22:15:00+00:00,2026-09-17T22:20:00+00:00,5.0,110759,1055,0.9525,362,0.3268,0,0,110759
2026-09-17T22:20:00+00:00,2026-09-17T22:24:59+00:00,4.98,110759,1127,1.0175,369,0.3332,0,0,110759
2026-09-17T22:24:59+00:00,2026-09-17T22:30:00+00:00,5.02,110759,951,0.8586,314,0.2835,0,0,110759
2026-09-17T22:30:00+00:00,2026-09-17T22:34:59+00:00,4.98,110759,1007,0.9092,320,0.2889,0,0,110759
2026-09-17T22:34:59+00:00,2026-09-17T22:39:59+00:00,5.0,110759,1051,0.9489,330,0.2979,0,0,110759
2026-09-17T22:39:59+00:00,2026-09-17T22:45:00+00:00,5.02,110759,1034,0.9336,270,0.2438,0,0,110759
2026-09-17T22:45:00+00:00,2026-09-17T22:49:59+00:00,4.98,110759,1021,0.9218,307,0.2772,0,0,110759
2026-09-17T22:49:59+00:00,2026-09-17T22:55:00+00:00,5.02,110759,972,0.8776,293,0.2645,0,0,110759
2026-09-17T22:55:00+00:00,2026-09-17T23:00:00+00:00,5.0,110759,997,0.9002,316,0.2853,0,0,110759
2026-09-17T23:00:00+00:00,2026-09-17T23:05:00+00:00,5.0,110759,2092,1.8888,440,0.3973,4,0,110763
2026-09-17T23:05:00+00:00,2026-09-17T23:10:00+00:00,5.0,110763,982,0.8866,301,0.2718,0,0,110763
2026-09-17T23:10:00+00:00,2026-09-17T23:15:00+00:00,5.0,110763,956,0.8631,280,0.2528,0,0,110763
2026-09-17T23:15:00+00:00,2026-09-17T23:20:00+00:00,5.0,110763,993,0.8965,235,0.2122,0,0,110763
2026-09-17T23:20:00+00:00,2026-09-17T23:25:00+00:00,5.0,110763,891,0.8044,247,0.223,0,0,110763
2026-09-17T23:25:00+00:00,2026-09-17T23:30:00+00:00,5.0,110763,828,0.7475,206,0.186,0,0,110763
2026-09-17T23:30:00+00:00,2026-09-17T23:35:00+00:00,5.0,110763,913,0.8243,263,0.2374,0,0,110763
2026-09-17T23:35:00+00:00,2026-09-17T23:40:00+00:00,5.0,110763,978,0.883,251,0.2266,0,0,110763
2026-09-17T23:40:00+00:00,2026-09-17T23:45:00+00:00,5.0,110763,989,0.8929,264,0.2383,0,0,110763
2026-09-17T23:45:00+00:00,2026-09-17T23:50:00+00:00,5.0,110763,961,0.8676,269,0.2429,0,0,110763
2026-09-17T23:50:00+00:00,2026-09-17T23:55:00+00:00,5.0,110763,969,0.8748,273,0.2465,0,0,110763
2026-09-17T23:55:00+00:00,2026-09-17T23:59:59+00:00,4.98,110763,992,0.8956,322,0.2907,0,0,110763
2026-09-17T23:59:59+00:00,2026-09-18T00:05:00+00:00,5.02,110763,2954,2.667,411,0.3711,0,0,110763
2026-09-18T00:05:00+00:00,2026-09-18T00:10:00+00:00,5.0,110763,1334,1.2044,373,0.3368,0,0,110763
2026-09-18T00:10:00+00:00,2026-09-18T00:15:00+00:00,5.0,110763,1170,1.0563,304,0.2745,0,0,110763
2026-09-18T00:15:00+00:00,2026-09-18T00:20:00+00:00,5.0,110763,1109,1.0012,251,0.2266,0,0,110763
2026-09-18T00:20:00+00:00,2026-09-18T00:25:00+00:00,5.0,110763,1413,1.2757,208,0.1878,0,0,110763
2026-09-18T00:25:00+00:00,2026-09-18T00:30:00+00:00,5.0,110763,1064,0.9606,244,0.2203,0,0,110763
2026-09-18T00:30:00+00:00,2026-09-18T00:35:00+00:00,5.0,110763,963,0.8694,305,0.2754,0,0,110763
2026-09-18T00:35:00+00:00,2026-09-18T00:40:00+00:00,5.0,110763,1115,1.0067,327,0.2952,0,0,110763
2026-09-18T00:40:00+00:00,2026-09-18T00:44:59+00:00,4.98,110763,1019,0.92,234,0.2113,0,0,110763
2026-09-18T00:44:59+00:00,2026-09-18T00:50:00+00:00,5.02,110763,971,0.8766,244,0.2203,0,0,110763
2026-09-18T00:50:00+00:00,2026-09-18T00:55:00+00:00,5.0,110763,992,0.8956,248,0.2239,0,0,110763
2026-09-18T00:55:00+00:00,2026-09-18T01:00:00+00:00,5.0,110763,861,0.7773,205,0.1851,0,0,110763
2026-09-18T01:00:00+00:00,2026-09-18T01:05:00+00:00,5.0,110763,3922,3.5409,356,0.3214,0,0,110763
2026-09-18T01:05:00+00:00,2026-09-18T01:10:00+00:00,5.0,110763,1094,0.9877,283,0.2555,0,0,110763
2026-09-18T01:10:00+00:00,2026-09-18T01:15:00+00:00,5.0,110763,1214,1.096,345,0.3115,0,0,110763
2026-09-18T01:15:00+00:00,2026-09-18T01:19:59+00:00,4.98,110763,940,0.8487,254,0.2293,0,0,110763
2026-09-18T01:19:59+00:00,2026-09-18T01:25:00+00:00,5.02,110763,968,0.8739,236,0.2131,0,0,110763
2026-09-18T01:25:00+00:00,2026-09-18T01:30:00+00:00,5.0,110763,956,0.8631,169,0.1526,0,0,110763
2026-09-18T01:30:00+00:00,2026-09-18T01:35:00+00:00,5.0,110763,844,0.762,230,0.2077,0,0,110763
2026-09-18T01:35:00+00:00,2026-09-18T01:40:00+00:00,5.0,110763,853,0.7701,211,0.1905,0,0,110763
2026-09-18T01:40:00+00:00,2026-09-18T01:45:00+00:00,5.0,110763,990,0.8938,222,0.2004,0,0,110763
2026-09-18T01:45:00+00:00,2026-09-18T01:50:00+00:00,5.0,110763,1074,0.9696,318,0.2871,0,0,110763
2026-09-18T01:50:00+00:00,2026-09-18T01:55:00+00:00,5.0,110763,1030,0.9299,303,0.2736,0,0,110763
2026-09-18T01:55:00+00:00,2026-09-18T02:00:00+00:00,5.0,110763,972,0.8775,324,0.2925,0,0,110763
2026-09-18T02:00:00+00:00,2026-09-18T02:05:00+00:00,5.0,110763,4596,4.1494,373,0.3368,0,0,110763
2026-09-18T02:05:00+00:00,2026-09-18T02:10:00+00:00,5.0,110763,1755,1.5845,257,0.232,0,0,110763
2026-09-18T02:10:00+00:00,2026-09-18T02:15:00+00:00,5.0,110763,962,0.8685,217,0.1959,0,0,110763
2026-09-18T02:15:00+00:00,2026-09-18T02:20:00+00:00,5.0,110763,838,0.7566,149,0.1345,0,0,110763
2026-09-18T02:20:00+00:00,2026-09-18T02:25:00+00:00,5.0,110763,967,0.873,180,0.1625,0,0,110763
2026-09-18T02:25:00+00:00,2026-09-18T02:30:00+00:00,5.0,110763,921,0.8315,216,0.195,0,0,110763
2026-09-18T02:30:00+00:00,2026-09-18T02:35:00+00:00,5.0,110763,962,0.8685,286,0.2582,0,0,110763
2026-09-18T02:35:00+00:00,2026-09-18T02:40:00+00:00,5.0,110763,765,0.6907,182,0.1643,0,0,110763
2026-09-18T02:40:00+00:00,2026-09-18T02:45:00+00:00,5.0,110763,3256,2.9396,2500,2.2571,0,0,110763
2026-09-18T02:45:00+00:00,2026-09-18T02:50:00+00:00,5.0,110763,1896,1.7118,1112,1.0039,0,0,110763
2026-09-18T02:50:00+00:00,2026-09-18T02:55:00+00:00,5.0,110763,1080,0.9751,375,0.3386,0,0,110763
2026-09-18T02:55:00+00:00,2026-09-18T03:00:00+00:00,5.0,110763,890,0.8035,200,0.1806,0,0,110763
2026-09-18T03:00:00+00:00,2026-09-18T03:05:00+00:00,5.0,110763,4040,3.6474,398,0.3593,1,0,110764
2026-09-18T03:05:00+00:00,2026-09-18T03:10:00+00:00,5.0,110764,948,0.8559,256,0.2311,0,0,110764
2026-09-18T03:10:00+00:00,2026-09-18T03:15:00+00:00,5.0,110764,1029,0.929,266,0.2402,0,0,110764
2026-09-18T03:15:00+00:00,2026-09-18T03:20:00+00:00,5.0,110764,880,0.7945,248,0.2239,0,0,110764
2026-09-18T03:20:00+00:00,2026-09-18T03:25:00+00:00,5.0,110764,835,0.7539,211,0.1905,0,0,110764
2026-09-18T03:25:00+00:00,2026-09-18T03:30:00+00:00,5.0,110764,963,0.8694,241,0.2176,0,0,110764
2026-09-18T03:30:00+00:00,2026-09-18T03:35:00+00:00,5.0,110764,888,0.8017,251,0.2266,0,0,110764
2026-09-18T03:35:00+00:00,2026-09-18T03:40:00+00:00,5.0,110764,993,0.8965,291,0.2627,0,0,110764
2026-09-18T03:40:00+00:00,2026-09-18T03:45:00+00:00,5.0,110764,1175,1.0608,279,0.2519,0,0,110764
2026-09-18T03:45:00+00:00,2026-09-18T03:50:00+00:00,5.0,110764,926,0.836,308,0.2781,0,0,110764
2026-09-18T03:50:00+00:00,2026-09-18T03:55:00+00:00,5.0,110764,1123,1.0139,328,0.2961,0,0,110764
2026-09-18T03:55:00+00:00,2026-09-18T04:00:00+00:00,5.0,110764,990,0.8938,291,0.2627,0,0,110764
2026-09-18T04:00:00+00:00,2026-09-18T04:05:00+00:00,5.0,110764,1469,1.3262,486,0.4388,0,0,110764
2026-09-18T04:05:00+00:00,2026-09-18T04:10:00+00:00,5.0,110764,1134,1.0238,414,0.3738,0,0,110764
2026-09-18T04:10:00+00:00,2026-09-18T04:15:00+00:00,5.0,110764,1253,1.1312,373,0.3368,0,0,110764
2026-09-18T04:15:00+00:00,2026-09-18T04:20:00+00:00,5.0,110764,1139,1.0283,382,0.3449,0,0,110764
2026-09-18T04:20:00+00:00,2026-09-18T04:25:00+00:00,5.0,110764,1094,0.9877,459,0.4144,0,0,110764
2026-09-18T04:25:00+00:00,2026-09-18T04:30:00+00:00,5.0,110764,1194,1.078,502,0.4532,0,0,110764
2026-09-18T04:30:00+00:00,2026-09-18T04:35:00+00:00,5.0,110764,1221,1.1023,509,0.4595,0,0,110764
2026-09-18T04:35:00+00:00,2026-09-18T04:40:00+00:00,5.0,110764,1089,0.9832,458,0.4135,0,0,110764
2026-09-18T04:40:00+00:00,2026-09-18T04:45:00+00:00,5.0,110764,1234,1.1141,472,0.4261,0,0,110764
2026-09-18T04:45:00+00:00,2026-09-18T04:50:00+00:00,5.0,110764,1053,0.9507,458,0.4135,0,0,110764
2026-09-18T04:50:00+00:00,2026-09-18T04:55:00+00:00,5.0,110764,1289,1.1637,522,0.4713,0,0,110764
2026-09-18T04:55:00+00:00,2026-09-18T05:00:00+00:00,5.0,110764,1137,1.0265,482,0.4352,0,0,110764
2026-09-18T05:00:00+00:00,2026-09-18T05:05:00+00:00,5.0,110764,1492,1.347,763,0.6889,0,0,110764
2026-09-18T05:05:00+00:00,2026-09-18T05:10:00+00:00,5.0,110764,1282,1.1574,614,0.5543,0,0,110764
2026-09-18T05:10:00+00:00,2026-09-18T05:15:00+00:00,5.0,110764,1290,1.1646,598,0.5399,0,0,110764
2026-09-18T05:15:00+00:00,2026-09-18T05:20:00+00:00,5.0,110764,1374,1.2405,642,0.5796,0,0,110764
2026-09-18T05:20:00+00:00,2026-09-18T05:25:00+00:00,5.0,110764,1453,1.3118,701,0.6329,0,0,110764
2026-09-18T05:25:00+00:00,2026-09-18T05:30:00+00:00,5.0,110764,1337,1.2071,676,0.6103,2,0,110766
2026-09-18T05:30:00+00:00,2026-09-18T05:35:00+00:00,5.0,110766,1538,1.3885,831,0.7502,0,0,110766
2026-09-18T05:35:00+00:00,2026-09-18T05:40:00+00:00,5.0,110766,1370,1.2368,766,0.6915,0,0,110766
2026-09-18T05:40:00+00:00,2026-09-18T05:45:00+00:00,5.0,110766,1981,1.7885,845,0.7629,0,0,110766
2026-09-18T05:45:00+00:00,2026-09-18T05:50:00+00:00,5.0,110766,1507,1.3605,836,0.7547,0,0,110766
2026-09-18T05:50:00+00:00,2026-09-18T05:54:59+00:00,4.98,110766,1696,1.5312,939,0.8477,0,0,110766
2026-09-18T05:54:59+00:00,2026-09-18T05:59:59+00:00,5.0,110766,1692,1.5275,989,0.8929,0,0,110766
2026-09-18T05:59:59+00:00,2026-09-18T06:04:59+00:00,5.0,110766,2481,2.2399,1441,1.3009,0,0,110766
2026-09-18T06:04:59+00:00,2026-09-18T06:09:59+00:00,5.0,110766,1689,1.5248,968,0.8739,0,0,110766
2026-09-18T06:09:59+00:00,2026-09-18T06:15:00+00:00,5.02,110766,2160,1.9501,1374,1.2405,0,0,110766
2026-09-18T06:15:00+00:00,2026-09-18T06:20:00+00:00,5.0,110766,1999,1.8047,1186,1.0707,0,0,110766
2026-09-18T06:20:00+00:00,2026-09-18T06:25:00+00:00,5.0,110766,2059,1.8589,1242,1.1213,0,0,110766
2026-09-18T06:25:00+00:00,2026-09-18T06:30:00+00:00,5.0,110766,2057,1.8571,1267,1.1439,0,0,110766
2026-09-18T06:30:00+00:00,2026-09-18T06:35:00+00:00,5.0,110766,2171,1.96,1341,1.2107,0,0,110766
2026-09-18T06:35:00+00:00,2026-09-18T06:40:00+00:00,5.0,110766,2063,1.8625,1244,1.1231,0,0,110766
2026-09-18T06:40:00+00:00,2026-09-18T06:44:59+00:00,4.98,110766,2252,2.0331,1461,1.319,0,0,110766
2026-09-18T06:44:59+00:00,2026-09-18T06:50:00+00:00,5.02,110766,2163,1.9528,1384,1.2495,0,0,110766
2026-09-18T06:50:00+00:00,2026-09-18T06:55:00+00:00,5.0,110766,2237,2.0196,1448,1.3073,0,0,110766
2026-09-18T06:55:00+00:00,2026-09-18T07:00:00+00:00,5.0,110766,2209,1.9943,1383,1.2486,0,0,110766
2026-09-18T07:00:00+00:00,2026-09-18T07:05:00+00:00,5.0,110766,3209,2.8971,2278,2.0566,0,0,110766
2026-09-18T07:05:00+00:00,2026-09-18T07:10:00+00:00,5.0,110766,2237,2.0196,1419,1.2811,0,0,110766
2026-09-18T07:10:00+00:00,2026-09-18T07:15:00+00:00,5.0,110766,2105,1.9004,1297,1.1709,0,0,110766
2026-09-18T07:15:00+00:00,2026-09-18T07:20:00+00:00,5.0,110766,2115,1.9094,1305,1.1782,0,0,110766
2026-09-18T07:20:00+00:00,2026-09-18T07:25:00+00:00,5.0,110766,2294,2.071,1481,1.3371,0,0,110766
2026-09-18T07:25:00+00:00,2026-09-18T07:30:00+00:00,5.0,110766,2255,2.0358,1375,1.2414,0,0,110766
2026-09-18T07:30:00+00:00,2026-09-18T07:35:00+00:00,5.0,110766,2336,2.109,1487,1.3425,0,0,110766
2026-09-18T07:35:00+00:00,2026-09-18T07:40:00+00:00,5.0,110766,2245,2.0268,1361,1.2287,0,0,110766
2026-09-18T07:40:00+00:00,2026-09-18T07:45:00+00:00,5.0,110766,2659,2.4006,1511,1.3641,0,0,110766
2026-09-18T07:45:00+00:00,2026-09-18T07:50:00+00:00,5.0,110766,2311,2.0864,1450,1.3091,0,0,110766
2026-09-18T07:50:00+00:00,2026-09-18T07:54:59+00:00,4.98,110766,2235,2.0178,1430,1.291,0,0,110766
2026-09-18T07:54:59+00:00,2026-09-18T08:00:00+00:00,5.02,110766,2326,2.0999,1487,1.3425,0,0,110766
2026-09-18T08:00:00+00:00,2026-09-18T08:05:00+00:00,5.0,110765,2998,2.7066,1916,1.7298,0,1,110765
2026-09-18T08:05:00+00:00,2026-09-18T08:09:59+00:00,4.98,110765,2229,2.0124,1446,1.3055,0,0,110765
2026-09-18T08:09:59+00:00,2026-09-18T08:14:59+00:00,5.0,110765,2340,2.1126,1497,1.3515,0,0,110765
2026-09-18T08:14:59+00:00,2026-09-18T08:20:00+00:00,5.02,110765,2262,2.0422,1395,1.2594,0,0,110765
2026-09-18T08:20:00+00:00,2026-09-18T08:25:00+00:00,5.0,110765,2812,2.5387,1706,1.5402,0,0,110765
2026-09-18T08:25:00+00:00,2026-09-18T08:30:00+00:00,5.0,110765,2358,2.1288,1442,1.3019,2,0,110767
2026-09-18T08:30:00+00:00,2026-09-18T08:35:00+00:00,5.0,110767,3779,3.4117,1728,1.56,0,0,110767
2026-09-18T08:35:00+00:00,2026-09-18T08:55:00+00:00,20.0,110767,8024,7.244,5203,4.6972,0,0,110767
2026-09-18T08:55:00+00:00,2026-09-18T09:00:00+00:00,5.0,110767,2581,2.3301,1684,1.5203,0,0,110767
2026-09-18T09:00:00+00:00,2026-09-18T09:05:00+00:00,5.0,110767,3187,2.8772,2006,1.811,0,0,110767
2026-09-18T09:05:00+00:00,2026-09-18T09:10:00+00:00,5.0,110767,2536,2.2895,1624,1.4661,0,0,110767
2026-09-18T09:10:00+00:00,2026-09-18T09:14:59+00:00,4.98,110767,2814,2.5405,1944,1.755,0,0,110767
2026-09-18T09:14:59+00:00,2026-09-18T09:19:59+00:00,5.0,110767,2667,2.4078,1774,1.6016,0,0,110767
2026-09-18T09:19:59+00:00,2026-09-18T09:24:59+00:00,5.0,110767,2623,2.368,1678,1.5149,0,0,110767
2026-09-18T09:24:59+00:00,2026-09-18T09:30:00+00:00,5.02,110767,2743,2.4764,1715,1.5483,0,0,110767
2026-09-18T09:30:00+00:00,2026-09-18T09:35:00+00:00,5.0,110767,2841,2.5648,1925,1.7379,0,0,110767
2026-09-18T09:35:00+00:00,2026-09-18T09:39:59+00:00,4.98,110767,2692,2.4303,1799,1.6241,0,0,110767
2026-09-18T09:39:59+00:00,2026-09-18T09:44:59+00:00,5.0,110767,2715,2.4511,1799,1.6241,0,0,110767
2026-09-18T09:44:59+00:00,2026-09-18T09:49:59+00:00,5.0,110767,2615,2.3608,1767,1.5952,0,0,110767
2026-09-18T09:49:59+00:00,2026-09-18T09:54:59+00:00,5.0,110767,2855,2.5775,1931,1.7433,0,0,110767
2026-09-18T09:54:59+00:00,2026-09-18T09:59:59+00:00,5.0,110767,2899,2.6172,1983,1.7902,0,0,110767
2026-09-18T09:59:59+00:00,2026-09-18T10:04:59+00:00,5.0,110767,3319,2.9964,2275,2.0539,0,0,110767
2026-09-18T10:04:59+00:00,2026-09-18T10:09:59+00:00,5.0,110767,2858,2.5802,1928,1.7406,0,0,110767
2026-09-18T10:09:59+00:00,2026-09-18T10:14:59+00:00,5.0,110767,3066,2.768,2201,1.9871,0,0,110767
2026-09-18T10:14:59+00:00,2026-09-18T10:19:59+00:00,5.0,110767,2910,2.6271,2007,1.8119,0,0,110767
2026-09-18T10:19:59+00:00,2026-09-18T10:25:00+00:00,5.02,110767,3203,2.8917,2235,2.0177,0,0,110767
2026-09-18T10:25:00+00:00,2026-09-18T10:29:59+00:00,4.98,110767,3102,2.8005,2146,1.9374,0,0,110767
2026-09-18T10:29:59+00:00,2026-09-18T10:34:59+00:00,5.0,110767,3102,2.8005,2153,1.9437,0,0,110767
2026-09-18T10:34:59+00:00,2026-09-18T10:39:59+00:00,5.0,110767,2938,2.6524,1965,1.774,0,0,110767
2026-09-18T10:39:59+00:00,2026-09-18T10:44:59+00:00,5.0,110767,3216,2.9034,2282,2.0602,0,0,110767
2026-09-18T10:44:59+00:00,2026-09-18T10:49:59+00:00,5.0,110767,2933,2.6479,2043,1.8444,0,0,110767
2026-09-18T10:49:59+00:00,2026-09-18T10:54:59+00:00,5.0,110767,2964,2.6759,2048,1.8489,0,0,110767
2026-09-18T10:54:59+00:00,2026-09-18T10:59:59+00:00,5.0,110767,3975,3.5886,1893,1.709,0,0,110767
2026-09-18T10:59:59+00:00,2026-09-18T11:04:59+00:00,5.0,110767,5372,4.8498,2723,2.4583,0,0,110767
2026-09-18T11:04:59+00:00,2026-09-18T11:10:00+00:00,5.02,110767,2838,2.5621,1878,1.6955,0,0,110767
2026-09-18T11:10:00+00:00,2026-09-18T11:14:59+00:00,4.98,110767,3083,2.7833,2155,1.9455,0,0,110767
2026-09-18T11:14:59+00:00,2026-09-18T11:19:59+00:00,5.0,110767,3178,2.8691,2009,1.8137,0,0,110767
2026-09-18T11:19:59+00:00,2026-09-18T11:25:00+00:00,5.02,110767,2948,2.6614,2032,1.8345,0,0,110767
2026-09-18T11:25:00+00:00,2026-09-18T11:30:00+00:00,5.0,110767,2817,2.5432,1922,1.7352,0,0,110767
2026-09-18T11:30:00+00:00,2026-09-18T11:35:00+00:00,5.0,110767,3261,2.944,2366,2.136,0,0,110767
2026-09-18T11:35:00+00:00,2026-09-18T11:40:00+00:00,5.0,110767,2789,2.5179,1899,1.7144,0,0,110767
2026-09-18T11:40:00+00:00,2026-09-18T11:45:00+00:00,5.0,110767,3073,2.7743,2186,1.9735,0,0,110767
2026-09-18T11:45:00+00:00,2026-09-18T11:50:00+00:00,5.0,110767,2912,2.6289,2004,1.8092,0,0,110767
2026-09-18T11:50:00+00:00,2026-09-18T11:55:00+00:00,5.0,110767,2718,2.4538,1858,1.6774,0,0,110767
2026-09-18T11:55:00+00:00,2026-09-18T12:00:00+00:00,5.0,110767,2764,2.4953,1913,1.727,0,0,110767
2026-09-18T12:00:00+00:00,2026-09-18T12:05:00+00:00,5.0,110767,3663,3.3069,2574,2.3238,0,0,110767
2026-09-18T12:05:00+00:00,2026-09-18T12:10:00+00:00,5.0,110767,2712,2.4484,1848,1.6684,1,0,110768
2026-09-18T12:10:00+00:00,2026-09-18T12:15:00+00:00,5.0,110768,2757,2.489,1883,1.6999,1,0,110769
2026-09-18T12:15:00+00:00,2026-09-18T12:19:59+00:00,4.98,110769,2929,2.6442,2055,1.8552,0,0,110769
2026-09-18T12:19:59+00:00,2026-09-18T12:25:00+00:00,5.02,110769,2612,2.3581,1748,1.5781,0,0,110769
2026-09-18T12:25:00+00:00,2026-09-18T12:30:00+00:00,5.0,110769,3296,2.9756,1794,1.6196,0,0,110769
2026-09-18T12:30:00+00:00,2026-09-18T12:35:00+00:00,5.0,110769,2812,2.5386,1929,1.7415,0,0,110769
2026-09-18T12:35:00+00:00,2026-09-18T12:40:00+00:00,5.0,110769,3785,3.417,1816,1.6394,0,0,110769
2026-09-18T12:40:00+00:00,2026-09-18T12:45:00+00:00,5.0,110769,4508,4.0697,1809,1.6331,0,0,110769
2026-09-18T12:45:00+00:00,2026-09-18T12:50:00+00:00,5.0,110769,2934,2.6488,1793,1.6187,0,0,110769
2026-09-18T12:50:00+00:00,2026-09-18T12:55:00+00:00,5.0,110769,4029,3.6373,2113,1.9076,0,0,110769
2026-09-18T12:55:00+00:00,2026-09-18T13:00:00+00:00,5.0,110769,2676,2.4158,1767,1.5952,0,0,110769
2026-09-18T13:00:00+00:00,2026-09-18T13:05:00+00:00,5.0,110769,3638,3.2843,2292,2.0692,0,0,110769
2026-09-18T13:05:00+00:00,2026-09-18T13:10:00+00:00,5.0,110769,3795,3.426,1830,1.6521,0,0,110769
2026-09-18T13:10:00+00:00,2026-09-18T13:15:00+00:00,5.0,110769,2886,2.6054,2023,1.8263,0,0,110769
2026-09-18T13:15:00+00:00,2026-09-18T13:19:59+00:00,4.98,110769,2816,2.5422,1919,1.7324,4,0,110773
2026-09-18T13:19:59+00:00,2026-09-18T13:24:59+00:00,5.0,110773,2952,2.6649,2025,1.8281,0,0,110773
2026-09-18T13:24:59+00:00,2026-09-18T13:30:00+00:00,5.02,110773,2680,2.4194,1872,1.6899,0,0,110773
2026-09-18T13:30:00+00:00,2026-09-18T13:35:00+00:00,5.0,110773,2997,2.7055,2142,1.9337,0,0,110773
2026-09-18T13:35:00+00:00,2026-09-18T13:40:00+00:00,5.0,110773,2637,2.3805,1799,1.624,2,0,110775
2026-09-18T13:40:00+00:00,2026-09-18T13:45:00+00:00,5.0,110775,4186,3.7788,2203,1.9887,0,0,110775
2026-09-18T13:45:00+00:00,2026-09-18T13:50:00+00:00,5.0,110775,2984,2.6937,1970,1.7784,0,0,110775
2026-09-18T13:50:00+00:00,2026-09-18T13:55:00+00:00,5.0,110775,2961,2.673,2007,1.8118,0,0,110775
2026-09-18T13:55:00+00:00,2026-09-18T14:00:00+00:00,5.0,110775,2776,2.506,1931,1.7432,0,0,110775
2026-09-18T14:00:00+00:00,2026-09-18T14:05:00+00:00,5.0,110775,4422,3.9919,2658,2.3995,0,0,110775
2026-09-18T14:05:00+00:00,2026-09-18T14:10:00+00:00,5.0,110775,2787,2.5159,1994,1.8,0,0,110775
2026-09-18T14:10:00+00:00,2026-09-18T14:15:00+00:00,5.0,110775,2852,2.5746,1955,1.7648,0,0,110775
2026-09-18T14:15:00+00:00,2026-09-18T14:20:00+00:00,5.0,110775,2694,2.432,1820,1.643,0,0,110775
2026-09-18T14:20:00+00:00,2026-09-18T14:25:00+00:00,5.0,110775,3152,2.8454,2276,2.0546,0,0,110775
2026-09-18T14:25:00+00:00,2026-09-18T14:30:00+00:00,5.0,110775,2794,2.5222,1994,1.8,0,0,110775
2026-09-18T14:30:00+00:00,2026-09-18T14:35:00+00:00,5.0,110775,2901,2.6188,2008,1.8127,0,0,110775
2026-09-18T14:35:00+00:00,2026-09-18T14:40:00+00:00,5.0,110770,2761,2.4926,1906,1.7207,0,5,110770
2026-09-18T14:40:00+00:00,2026-09-18T14:44:59+00:00,4.98,110770,3130,2.8257,2224,2.0078,0,0,110770
2026-09-18T14:44:59+00:00,2026-09-18T14:50:00+00:00,5.02,110770,2891,2.6099,2055,1.8552,0,0,110770
2026-09-18T14:50:00+00:00,2026-09-18T14:55:00+00:00,5.0,110770,3002,2.7101,2134,1.9265,0,0,110770
2026-09-18T14:55:00+00:00,2026-09-18T15:00:00+00:00,5.0,110770,2643,2.386,1858,1.6773,0,0,110770
2026-09-18T15:00:00+00:00,2026-09-18T15:05:00+00:00,5.0,110770,4304,3.8855,2739,2.4727,0,0,110770
2026-09-18T15:05:00+00:00,2026-09-18T21:50:00+00:00,405.0,110770,39791,35.9222,13158,11.8787,7,0,110777
2026-09-18T21:50:00+00:00,2026-09-18T21:55:00+00:00,5.0,110777,1262,1.1392,546,0.4929,0,0,110777
2026-09-18T21:55:00+00:00,2026-09-18T22:00:00+00:00,5.0,110777,1142,1.0309,464,0.4189,0,0,110777
2026-09-18T22:00:00+00:00,2026-09-18T22:05:00+00:00,5.0,110775,2605,2.3516,658,0.594,0,2,110775
2026-09-18T22:05:00+00:00,2026-09-18T22:10:00+00:00,5.0,110775,1259,1.1365,520,0.4694,0,0,110775
2026-09-18T22:10:00+00:00,2026-09-18T22:15:00+00:00,5.0,110775,1228,1.1086,518,0.4676,0,0,110775
2026-09-18T22:15:00+00:00,2026-09-18T22:20:00+00:00,5.0,110775,1319,1.1907,553,0.4992,0,0,110775
2026-09-18T22:20:00+00:00,2026-09-18T22:25:00+00:00,5.0,110775,1236,1.1158,444,0.4008,0,0,110775
2026-09-18T22:25:00+00:00,2026-09-18T22:30:00+00:00,5.0,110775,1146,1.0345,448,0.4044,0,0,110775
2026-09-18T22:30:00+00:00,2026-09-18T22:35:00+00:00,5.0,110775,1172,1.058,446,0.4026,0,0,110775
2026-09-18T22:35:00+00:00,2026-09-18T22:40:00+00:00,5.0,110775,1083,0.9777,408,0.3683,0,0,110775
2026-09-18T22:40:00+00:00,2026-09-18T22:45:00+00:00,5.0,110775,1081,0.9759,372,0.3358,0,0,110775
2026-09-18T22:45:00+00:00,2026-09-18T22:50:00+00:00,5.0,110775,1084,0.9786,379,0.3421,0,0,110775
2026-09-18T22:50:00+00:00,2026-09-18T22:54:59+00:00,4.98,110775,1170,1.0562,444,0.4008,0,0,110775
2026-09-18T22:54:59+00:00,2026-09-18T22:59:59+00:00,5.0,110775,1068,0.9641,385,0.3476,0,0,110775
2026-09-18T22:59:59+00:00,2026-09-18T23:05:00+00:00,5.02,110775,1446,1.3053,472,0.4261,2,0,110777
2026-09-18T23:05:00+00:00,2026-09-18T23:09:59+00:00,4.98,110777,1105,0.9975,416,0.3755,0,0,110777
2026-09-18T23:09:59+00:00,2026-09-18T23:14:59+00:00,5.0,110777,963,0.8693,286,0.2582,0,0,110777
2026-09-18T23:14:59+00:00,2026-09-18T23:19:59+00:00,5.0,110777,925,0.835,304,0.2744,0,0,110777
2026-09-18T23:19:59+00:00,2026-09-18T23:24:59+00:00,5.0,110777,1011,0.9126,348,0.3141,0,0,110777
