capture_utc,http_status,bytes,sha256,consolidation_utc,last_modified,etag,elapsed_s,archived_path,erreur
2026-09-17T20:23:12.468242+00:00,200,8938441,d58a94b0973d88717b81043099880ba59a850143386b5aacf75733f863f5c346,2026-09-17T20:23:12.715508Z,,,0.51,data/raw/dynamique/2026-09-17/202312.csv.gz,
2026-09-17T20:23:25.829322+00:00,200,8938340,e4a912cb2ea81a09edc4d11837ded8f3157256555fc6bcc602c15962e35b13bd,2026-09-17T20:23:26.120207Z,,,0.54,data/raw/dynamique/2026-09-17/202325.csv.gz,
2026-09-17T20:25:00.004671+00:00,200,8938341,4b9a458d09588bdf90f136187ada1b43bb0f38ae56b561022330c624ace34e9e,2026-09-17T20:25:00.295186Z,,,0.59,data/raw/dynamique/2026-09-17/202500.csv.gz,
2026-09-17T20:29:59.989326+00:00,200,8938287,7362cdc5a1c24482cc6e68de400dd87fd839659a3d53a1e56a0b07899adafae8,2026-09-17T20:30:00.432760Z,,,0.68,data/raw/dynamique/2026-09-17/202959.csv.gz,
2026-09-17T20:35:00.002591+00:00,200,8938222,95a3d82ea6156408b1e723959ea62362585627a72451f967ad591efa11fa801c,2026-09-17T20:35:00.584508Z,,,0.89,data/raw/dynamique/2026-09-17/203500.csv.gz,
2026-09-17T20:40:00.002653+00:00,200,8938202,55fc0adf8cbaa7ea69bbf608be2a30b5e1bec20b235434fb0046893754c48cb6,2026-09-17T20:40:00.351643Z,,,0.58,data/raw/dynamique/2026-09-17/204000.csv.gz,
2026-09-17T20:44:59.999698+00:00,200,8938152,8b4bae2853dde79f660798dce240f80c6224a0bbfa4b88b5820fd0e9fc616d4a,2026-09-17T20:45:00.319838Z,,,0.56,data/raw/dynamique/2026-09-17/204459.csv.gz,
2026-09-17T20:49:59.999751+00:00,200,8937971,2397e6ccae0a2241ea7b0b37e9c696dc33c2d6781bc84f931aa30bfd6357169e,2026-09-17T20:50:00.338179Z,,,0.67,data/raw/dynamique/2026-09-17/204959.csv.gz,
2026-09-17T20:55:00.004461+00:00,200,8937943,38c73e5559bd0ef4504c1e013595d18b747e66fcf4aa19d39d8bedf35dc0a2f3,2026-09-17T20:55:00.464312Z,,,0.66,data/raw/dynamique/2026-09-17/205500.csv.gz,
2026-09-17T21:00:00.002662+00:00,200,8937952,ec1f419a88e0cfdaf858784974c356198ae580dcb56d66ed8e8044ea30453c03,2026-09-17T21:00:00.452319Z,,,0.94,data/raw/dynamique/2026-09-17/210000.csv.gz,
2026-09-17T21:04:59.842277+00:00,200,8937880,d8206222790f76a70657903733f712c98370ca53b374229bb7a57c785dee680e,2026-09-17T21:05:00.404114Z,,,0.62,data/raw/dynamique/2026-09-17/210459.csv.gz,
2026-09-17T21:09:59.998141+00:00,200,8937822,034b2bd3e8cda5cb8784865c72e3042e5c6beac5f72604d4622d5e854fa7c869,2026-09-17T21:10:00.482805Z,,,0.59,data/raw/dynamique/2026-09-17/210959.csv.gz,
2026-09-17T21:14:59.991884+00:00,200,8937751,f2df3a100d1ae748c75e6f10676d866efca77253a05184eff71f61012882ae94,2026-09-17T21:15:00.533768Z,,,0.57,data/raw/dynamique/2026-09-17/211459.csv.gz,
2026-09-17T21:20:00.000168+00:00,200,8937717,ffe9a8da2d1e5c26ae91922e5255ea86909eacdb60a593dad2ae89295e447940,2026-09-17T21:20:00.585049Z,,,0.61,data/raw/dynamique/2026-09-17/212000.csv.gz,
2026-09-17T21:24:59.989271+00:00,200,8937619,eb07753faeb986fc2eff2253d0f74ea2860bc076e1c972e3f6755b340fb9c161,2026-09-17T21:25:00.481918Z,,,0.49,data/raw/dynamique/2026-09-17/212459.csv.gz,
2026-09-17T21:29:59.993130+00:00,200,8937607,5b699806c0346b1537a263e41ef8db90152389b04de61d3e0c9e6a99c1f6b428,2026-09-17T21:30:00.534017Z,,,0.58,data/raw/dynamique/2026-09-17/212959.csv.gz,
2026-09-17T21:35:00.048720+00:00,200,8937448,75af2b218d717f6200a415a2e8eab24adcef5e7a17e19adbac357dccfc27bcfb,2026-09-17T21:35:00.600650Z,,,0.56,data/raw/dynamique/2026-09-17/213500.csv.gz,
2026-09-17T21:40:00.000209+00:00,200,8937529,142f60e3b252991c28fca36c35ec51fddfe2088b602e39c768a5aa53227f5c2e,2026-09-17T21:40:00.548112Z,,,0.58,data/raw/dynamique/2026-09-17/214000.csv.gz,
2026-09-17T21:45:00.000478+00:00,200,8937457,ebcb3f8865db11988cef2485a78f80cc93162704a364705fc9bd44858378a9de,2026-09-17T21:45:00.556310Z,,,0.58,data/raw/dynamique/2026-09-17/214500.csv.gz,
2026-09-17T21:50:00.003701+00:00,200,8937307,853dc69fea40a08de9103e86237b1566732788619c1a2d77f7f7bfdbc84a9041,2026-09-17T21:50:00.525260Z,,,0.55,data/raw/dynamique/2026-09-17/215000.csv.gz,
2026-09-17T21:55:00.003185+00:00,200,8937247,e36f81ef32b0201e7ab4856a0437733e498709fbf9cb660758f57c2c3614822b,2026-09-17T21:55:00.507951Z,,,0.51,data/raw/dynamique/2026-09-17/215500.csv.gz,
2026-09-17T21:59:59.999844+00:00,200,8937226,03dacafca1282b951e30ede4682c418558befe391552ff32ff16799ffe7bfc9e,2026-09-17T22:00:00.515719Z,,,0.52,data/raw/dynamique/2026-09-17/215959.csv.gz,
2026-09-17T22:04:59.998147+00:00,200,8937283,f07c6e1fe6c080cf879d359fa0a1c018fea40c70a2ec669866acb26fc9113775,2026-09-17T22:05:00.495041Z,,,0.51,data/raw/dynamique/2026-09-17/220459.csv.gz,
2026-09-17T22:10:00.007674+00:00,200,8937456,17d671f6087b4f1aed4ed5f1f5c93eeaac3458df5222cb833a37b1256b801b13,2026-09-17T22:10:00.535516Z,,,0.51,data/raw/dynamique/2026-09-17/221000.csv.gz,
2026-09-17T22:15:00.000428+00:00,200,8937247,e799932bb5576dafac1ea9ce1f904849f9ebcfa7675c3d7a549ddd209728e834,2026-09-17T22:15:00.528031Z,,,0.53,data/raw/dynamique/2026-09-17/221500.csv.gz,
2026-09-17T22:20:00.004291+00:00,200,8937278,470de4210858a5af8f184fb1dcae5ca31ffbccdccf411946bd682c0a69fdbb60,2026-09-17T22:20:00.551269Z,,,0.61,data/raw/dynamique/2026-09-17/222000.csv.gz,
2026-09-17T22:24:59.994975+00:00,200,8937243,9fa3f8c7080ab9d91482f881458ceda8dd729559400d436d3af9e925679449f0,2026-09-17T22:25:00.512799Z,,,0.56,data/raw/dynamique/2026-09-17/222459.csv.gz,
2026-09-17T22:30:00.003383+00:00,200,8937308,947ecc96637ccd780a7315bce1a83887d469984cbcd0949dc7ff9beb3b470695,2026-09-17T22:30:00.593125Z,,,0.56,data/raw/dynamique/2026-09-17/223000.csv.gz,
2026-09-17T22:34:59.995298+00:00,200,8937284,be22976599c16d4270f3cd99cf384366689889f4c521552e00b50176201ec85b,2026-09-17T22:35:00.525789Z,,,0.53,data/raw/dynamique/2026-09-17/223459.csv.gz,
2026-09-17T22:39:59.999252+00:00,200,8937134,0fb37718b74ffc6f1464ed6940789cdb56c2e9f28502411d0b599f9150a728f1,2026-09-17T22:40:00.631711Z,,,0.60,data/raw/dynamique/2026-09-17/223959.csv.gz,
2026-09-17T22:45:00.047186+00:00,200,8937145,70274c8be0e2bb2ed274a550aafbb8e51a355e359f6388457ba1132d3cfa0a64,2026-09-17T22:45:00.593435Z,,,0.60,data/raw/dynamique/2026-09-17/224500.csv.gz,
2026-09-17T22:49:59.999839+00:00,200,8937071,f2958e87fdf01d4ae1ab351309211ffe6464eb2b78e69f3dd2072d56ca7d3b39,2026-09-17T22:50:00.579995Z,,,0.59,data/raw/dynamique/2026-09-17/224959.csv.gz,
2026-09-17T22:55:00.005558+00:00,200,8937126,b29f71febe53a5acb4ae54d4875a7b8142c51d504c5f3538ed8b446f8040e853,2026-09-17T22:55:00.523309Z,,,0.51,data/raw/dynamique/2026-09-17/225500.csv.gz,
2026-09-17T23:00:00.005498+00:00,200,8937018,66c5320aaa164641b2da5f46a0eb36e862ab1eebc62ca00ce3df9e84c2a82d87,2026-09-17T23:00:00.514526Z,,,0.59,data/raw/dynamique/2026-09-17/230000.csv.gz,
2026-09-17T23:05:00.004976+00:00,200,8937836,e37aacabb2801884aa61bb5ce0f54d8eb5395916a89aaa9560b2249d64587025,2026-09-17T23:05:00.504659Z,,,0.53,data/raw/dynamique/2026-09-17/230500.csv.gz,
2026-09-17T23:10:00.007901+00:00,200,8937293,247e8663784670348c9affde0c6f44b5efac095c7854308f120091e5f01217e1,2026-09-17T23:10:00.518353Z,,,0.54,data/raw/dynamique/2026-09-17/231000.csv.gz,
2026-09-17T23:15:00.007570+00:00,200,8937203,994fc883a41db89a40734ecebe0ede3486ccf4b2fd7a63e4b792270c754fda89,2026-09-17T23:15:00.543130Z,,,0.56,data/raw/dynamique/2026-09-17/231500.csv.gz,
2026-09-17T23:20:00.016672+00:00,200,8937220,e4dda7f23e504c5ac842547c5511dc1beebb0652e49c5606ae9524d86cf9d77b,2026-09-17T23:20:00.748386Z,,,0.76,data/raw/dynamique/2026-09-17/232000.csv.gz,
2026-09-17T23:25:00.001974+00:00,200,8937204,0eb25474ac10f5f3d0eca1b5779b3f5a4569f680ed8f9b1ed66e1711c79f8594,2026-09-17T23:25:00.510000Z,,,0.54,data/raw/dynamique/2026-09-17/232500.csv.gz,
2026-09-17T23:30:00.005842+00:00,200,8937136,fe71f837e3dd8a78a88b02e82dcc9bca14681ea74229b31746ad5794767beaa2,2026-09-17T23:30:00.522723Z,,,0.54,data/raw/dynamique/2026-09-17/233000.csv.gz,
2026-09-17T23:35:00.001922+00:00,200,8937114,d2b769beec73fb8f46472c2da6c881cfa70b60e1c7b787fd922247154b392146,2026-09-17T23:35:00.501123Z,,,0.54,data/raw/dynamique/2026-09-17/233500.csv.gz,
2026-09-17T23:40:00.000530+00:00,200,8937203,bae71fc46e4390b276e5a14fcd7d49a014757cbc3bf8036202419acc521ee2ad,2026-09-17T23:40:00.513595Z,,,0.53,data/raw/dynamique/2026-09-17/234000.csv.gz,
2026-09-17T23:45:00.000631+00:00,200,8937085,7b259dae09bd164b0f9d1b6b598c634a5fc8e1c9b809deabafd795329ca40811,2026-09-17T23:45:00.498843Z,,,0.54,data/raw/dynamique/2026-09-17/234500.csv.gz,
2026-09-17T23:50:00.009307+00:00,200,8937075,de26557e7dd2656c83fe192aa540dd2b84ac500266adb20d2137fdfcacec7114,2026-09-17T23:50:00.527006Z,,,0.57,data/raw/dynamique/2026-09-17/235000.csv.gz,
2026-09-17T23:55:00.000380+00:00,200,8937324,edcc0b1152747b183c54aad14a56ba99aaec3a0af5fbd4c5021968ca3d7cfd73,2026-09-17T23:55:00.511144Z,,,0.56,data/raw/dynamique/2026-09-17/235500.csv.gz,
2026-09-17T23:59:59.998797+00:00,200,8937350,b7be3bc584b716965b36e7de51aa19fee6e569c57a209e2725759f5bf86cfb95,2026-09-18T00:00:00.542464Z,,,0.57,data/raw/dynamique/2026-09-17/235959.csv.gz,
2026-09-18T00:05:00.001865+00:00,200,8938574,ab0422043a1d0ba2da73dc5d2ac5f29f19d66e35f6988c1cd624b14d56eb8956,2026-09-18T00:05:00.516172Z,,,0.54,data/raw/dynamique/2026-09-18/000500.csv.gz,
2026-09-18T00:10:00.005881+00:00,200,8937192,e90db0e996cceea8fb0a216aa31047748d4a246768c01357868c329b406984d6,2026-09-18T00:10:00.512680Z,,,0.54,data/raw/dynamique/2026-09-18/001000.csv.gz,
2026-09-18T00:15:00.045600+00:00,200,8937107,3b1ef444a9f9dfceedfa7be19fa914918df9fd0f7a1bdc93c622b47a90570820,2026-09-18T00:15:00.510542Z,,,0.54,data/raw/dynamique/2026-09-18/001500.csv.gz,
2026-09-18T00:20:00.009537+00:00,200,8937214,3fbce978388b80f8ead83765931cdc94a27a3e58edc93de43839a69146d672fd,2026-09-18T00:20:00.463725Z,,,0.51,data/raw/dynamique/2026-09-18/002000.csv.gz,
2026-09-18T00:25:00.007888+00:00,200,8937370,3e101d6b5bd42d9041e1bfa52df237cf3dc1329a5afd249e58d32577fd4606e9,2026-09-18T00:25:00.464171Z,,,0.52,data/raw/dynamique/2026-09-18/002500.csv.gz,
2026-09-18T00:30:00.004535+00:00,200,8937374,0ff21466e7187b31d90129d16ecd53222e42a4b2254404f90feb9e07bd161a33,2026-09-18T00:30:00.481108Z,,,0.54,data/raw/dynamique/2026-09-18/003000.csv.gz,
2026-09-18T00:35:00.002290+00:00,200,8937549,3ecbad912f75f346ab844aa33e4461f34f9cf93669c40d8296ca35b40c8bc7c3,2026-09-18T00:35:00.443270Z,,,0.52,data/raw/dynamique/2026-09-18/003500.csv.gz,
2026-09-18T00:40:00.008715+00:00,200,8937432,42bb8ad229bf32a685dcd9126b1b607a41d142d09ed23de05838041df750c49c,2026-09-18T00:40:00.452332Z,,,0.51,data/raw/dynamique/2026-09-18/004000.csv.gz,
2026-09-18T00:44:59.999027+00:00,200,8937390,237ad97952c39fb4cf6df54585b1bd14808b6fef1d9f879768895b0231f90a38,2026-09-18T00:45:00.477723Z,,,0.54,data/raw/dynamique/2026-09-18/004459.csv.gz,
2026-09-18T00:50:00.009229+00:00,200,8937302,46653042d2e099eea18406052c8782d1a8dba97f617467b414e40029cb37135f,2026-09-18T00:50:00.477081Z,,,0.56,data/raw/dynamique/2026-09-18/005000.csv.gz,
2026-09-18T00:55:00.005091+00:00,200,8937362,f7ddf167b0ed31eac63808de2a0807d95dac706d279ad93ec72ac8eb1f35268a,2026-09-18T00:55:00.466145Z,,,0.54,data/raw/dynamique/2026-09-18/005500.csv.gz,
2026-09-18T01:00:00.002132+00:00,200,8937361,8e05d411dab5a4eab0f655559ab6415b4f3f7c794d5eea4cd3c524559bbaf572,2026-09-18T01:00:00.478944Z,,,0.58,data/raw/dynamique/2026-09-18/010000.csv.gz,
2026-09-18T01:05:00.009301+00:00,200,8937835,fb47cfdbbb5c350bbe2047ab056e2038191eaaf8a3400de5998cabb9b056fa13,2026-09-18T01:05:00.482395Z,,,0.56,data/raw/dynamique/2026-09-18/010500.csv.gz,
2026-09-18T01:10:00.010567+00:00,200,8937667,6bbc4d2c189925129f07cb29ca3a8b910f822556bc47a989260aeb468cfdb1fa,2026-09-18T01:10:00.481433Z,,,0.54,data/raw/dynamique/2026-09-18/011000.csv.gz,
2026-09-18T01:15:00.005795+00:00,200,8937737,a653116f496eca78690e2537ed708d54a26c06b29928b98b23f51d2232ecc216,2026-09-18T01:15:00.476193Z,,,0.60,data/raw/dynamique/2026-09-18/011500.csv.gz,
2026-09-18T01:19:59.992810+00:00,200,8937603,ebf6a53d167f69b01f8005a9b90adc75df676ab5c986425cc0dd5458af8c26cc,2026-09-18T01:20:00.493606Z,,,0.59,data/raw/dynamique/2026-09-18/011959.csv.gz,
2026-09-18T01:25:00.006563+00:00,200,8937428,4e72bb024118c6fab9f795504bb68c2ff433e04023e4f3a266bea2fa3d57b2b8,2026-09-18T01:25:00.461352Z,,,0.52,data/raw/dynamique/2026-09-18/012500.csv.gz,
2026-09-18T01:30:00.005651+00:00,200,8937514,44ea200d649f1cfa6c4542432848ec3afadb47b7541c36495eb70f1a6166cdf5,2026-09-18T01:30:00.491744Z,,,0.55,data/raw/dynamique/2026-09-18/013000.csv.gz,
2026-09-18T01:35:00.000937+00:00,200,8937501,862c00515d57ea1231afc8dd1d18771358ddee2cd4ddd20bf5c01bd589481d57,2026-09-18T01:35:00.511046Z,,,0.59,data/raw/dynamique/2026-09-18/013500.csv.gz,
2026-09-18T01:40:00.004543+00:00,200,8937461,750654292798b9d86675d5c8104b2e5e83c088f531d6b230277193fa6521ff4c,2026-09-18T01:40:00.488361Z,,,0.55,data/raw/dynamique/2026-09-18/014000.csv.gz,
2026-09-18T01:45:00.008853+00:00,200,8937419,06302f36261d32d8ae335e324e8d5ae059e34eb1abc959e7b47e85a81ff2e680,2026-09-18T01:45:00.476401Z,,,0.63,data/raw/dynamique/2026-09-18/014500.csv.gz,
2026-09-18T01:50:00.009124+00:00,200,8937624,3b84566f79e57919f09142d8acb712e87b9f0b8e136f6fc63b6e832d091b5b9b,2026-09-18T01:50:00.475740Z,,,0.52,data/raw/dynamique/2026-09-18/015000.csv.gz,
2026-09-18T01:55:00.000151+00:00,200,8937570,1f0af205a983e56c0175730b784b67e1d5011ed8ac78b1c4edee327e38a51a17,2026-09-18T01:55:00.475359Z,,,0.55,data/raw/dynamique/2026-09-18/015500.csv.gz,
2026-09-18T02:00:00.003260+00:00,200,8937557,c4c06d13fb843d2e7d9283a86ac9271134930bd81b41fd700d2804066840bf17,2026-09-18T02:00:00.551399Z,,,0.62,data/raw/dynamique/2026-09-18/020000.csv.gz,
2026-09-18T02:05:00.008264+00:00,200,8937552,21eed0ac48d77a6dc17df5f8f102da0ac6489863ac3bb3d1b999a00b7f2dbdcd,2026-09-18T02:05:00.478673Z,,,0.54,data/raw/dynamique/2026-09-18/020500.csv.gz,
2026-09-18T02:10:00.004266+00:00,200,8937218,4b499dbe84c1f1a1d78a9662ba6c271176592ac73edad8fe11d21a449fc1e801,2026-09-18T02:10:00.479275Z,,,0.53,data/raw/dynamique/2026-09-18/021000.csv.gz,
2026-09-18T02:15:00.007463+00:00,200,8937312,e1115d286a8e301a2d8f25a3793ebce996ad425c77a6ff2c8af717ea8307fd07,2026-09-18T02:15:00.462821Z,,,0.52,data/raw/dynamique/2026-09-18/021500.csv.gz,
2026-09-18T02:20:00.009060+00:00,200,8937246,10b34d923382ff6c40ea864cf6debaa03ba8b17e334489110cff5931010d1d39,2026-09-18T02:20:00.480107Z,,,0.58,data/raw/dynamique/2026-09-18/022000.csv.gz,
2026-09-18T02:25:00.009071+00:00,200,8937275,c3d639ee64169838860102604eb3085997b35c98c550b4d97b801628f7a3980e,2026-09-18T02:25:00.486498Z,,,0.54,data/raw/dynamique/2026-09-18/022500.csv.gz,
2026-09-18T02:30:00.006891+00:00,200,8937396,56cbeb5c27aa13591973fa9d712e91ff2d062c63641ac08ff8bf451c7a593ed4,2026-09-18T02:30:00.482996Z,,,0.54,data/raw/dynamique/2026-09-18/023000.csv.gz,
2026-09-18T02:35:00.008606+00:00,200,8937581,2d953fa88316d37cd6b1f3f7efbd3ec01ea1dd8c6534b2ea00e55e00db960563,2026-09-18T02:35:00.479666Z,,,0.53,data/raw/dynamique/2026-09-18/023500.csv.gz,
2026-09-18T02:40:00.001876+00:00,200,8937587,4fb67aff577a610bce78cdd892625399107159c8196d9477a250308afe55c287,2026-09-18T02:40:00.492454Z,,,0.61,data/raw/dynamique/2026-09-18/024000.csv.gz,
2026-09-18T02:45:00.004165+00:00,200,8946232,d059b8c574ddf1e887812755dc32ae29816cd6c11939ce92a8a5aa53575ed4dd,2026-09-18T02:45:00.477790Z,,,0.53,data/raw/dynamique/2026-09-18/024500.csv.gz,
2026-09-18T02:50:00.004275+00:00,200,8943047,95085eb84964d1d357ad18ee82991282a89c11ed66ba2d942b10d1a192cc7cba,2026-09-18T02:50:00.495246Z,,,0.56,data/raw/dynamique/2026-09-18/025000.csv.gz,
2026-09-18T02:55:00.001783+00:00,200,8942525,bed272c009e162bcd800dc951869c30b38806efbd2d8c88848fbab81fb9ac631,2026-09-18T02:55:00.460838Z,,,0.52,data/raw/dynamique/2026-09-18/025500.csv.gz,
2026-09-18T03:00:00.005262+00:00,200,8942424,3ff94417fd1ffc88e66d51b85d9590ae3c0a5e78da9e7394fa36af011ecfb21a,2026-09-18T03:00:00.546444Z,,,0.67,data/raw/dynamique/2026-09-18/030000.csv.gz,
2026-09-18T03:05:00.003532+00:00,200,8942778,a9711adfcb13672cfe2cb4fcb2e4057e362549151587a78440b575a670079999,2026-09-18T03:05:00.463895Z,,,0.53,data/raw/dynamique/2026-09-18/030500.csv.gz,
2026-09-18T03:10:00.002665+00:00,200,8942503,3bd01a925c74ad370a1396a5f15a63be60bef16f50c27c152d189bf77c157dfb,2026-09-18T03:10:00.491291Z,,,0.56,data/raw/dynamique/2026-09-18/031000.csv.gz,
2026-09-18T03:15:00.001799+00:00,200,8942486,f3911a1d45e1ea02e051a77ad9ecedb485838e0ca64a3dc389e79e459a35ee5a,2026-09-18T03:15:00.460169Z,,,0.51,data/raw/dynamique/2026-09-18/031500.csv.gz,
2026-09-18T03:20:00.008737+00:00,200,8942507,341780043c94b42ef76ad4c77ae16a956ce654b6466752bbf409eb99ef85654b,2026-09-18T03:20:00.481713Z,,,0.54,data/raw/dynamique/2026-09-18/032000.csv.gz,
2026-09-18T03:25:00.000439+00:00,200,8942447,834760af349e1f99d3a9b2f0da1a6e42196057a3f39b5128391f9cbf2302b088,2026-09-18T03:25:00.473797Z,,,0.54,data/raw/dynamique/2026-09-18/032500.csv.gz,
2026-09-18T03:30:00.008834+00:00,200,8942395,1c42345cbf33b7530ddcee20fc97234574d466073b5bc19225d03b3f8d30892d,2026-09-18T03:30:00.473466Z,,,0.52,data/raw/dynamique/2026-09-18/033000.csv.gz,
2026-09-18T03:35:00.001962+00:00,200,8942363,0f0756a9163d34eb5138d2d85e7d00b2ae331fd18154852255af1bb283bbdd44,2026-09-18T03:35:00.471485Z,,,0.53,data/raw/dynamique/2026-09-18/033500.csv.gz,
2026-09-18T03:40:00.001879+00:00,200,8942305,bd8623a718629215bd2a0b206628d6a36ebb0a949e904d5f2848770192e7c21b,2026-09-18T03:40:00.489683Z,,,0.55,data/raw/dynamique/2026-09-18/034000.csv.gz,
2026-09-18T03:45:00.005978+00:00,200,8942381,6675935913b2240f2b819ffcf39d541d24d91425ab7b86427653e3aaf9e7c35e,2026-09-18T03:45:00.487634Z,,,0.54,data/raw/dynamique/2026-09-18/034500.csv.gz,
2026-09-18T03:50:00.009028+00:00,200,8942513,115e6db079349d0b411d080cfb067082a321ebb67bd6e51c8a523357503986ba,2026-09-18T03:50:00.554095Z,,,0.61,data/raw/dynamique/2026-09-18/035000.csv.gz,
2026-09-18T03:55:00.005735+00:00,200,8942264,1dab62c13435c6397045387aabc6cd9cc5402936b6d04acf54f7f87abdee2c8c,2026-09-18T03:55:00.476932Z,,,0.53,data/raw/dynamique/2026-09-18/035500.csv.gz,
2026-09-18T04:00:00.008912+00:00,200,8942266,8b5ae805ec41fd00f5a415f94c20d3b3e03997218007a191eeefef40b7f648f8,2026-09-18T04:00:00.523023Z,,,0.58,data/raw/dynamique/2026-09-18/040000.csv.gz,
2026-09-18T04:05:00.002855+00:00,200,8942277,1e6b2bb35e842554909c79d6524754558a5be95007d0d4c6bc4fd38613e41fbc,2026-09-18T04:05:00.469901Z,,,0.53,data/raw/dynamique/2026-09-18/040500.csv.gz,
2026-09-18T04:10:00.009437+00:00,200,8942167,79144d137a94e27cad5304f629f1f0f9fc87d22e1b4fd0774dc4ddcab10a0f41,2026-09-18T04:10:00.502692Z,,,0.56,data/raw/dynamique/2026-09-18/041000.csv.gz,
2026-09-18T04:15:00.000799+00:00,200,8942111,415687b4528f6bf4963ade051bd753e3631f336c46c9bde9b12a50518c8b8b14,2026-09-18T04:15:00.461221Z,,,0.52,data/raw/dynamique/2026-09-18/041500.csv.gz,
2026-09-18T04:20:00.002158+00:00,200,8942335,f9201255f08764b9fc899e95930cb3f12e63793002081f7691d649bf0a1c882f,2026-09-18T04:20:00.474720Z,,,0.53,data/raw/dynamique/2026-09-18/042000.csv.gz,
2026-09-18T04:25:00.006372+00:00,200,8942416,75feef50b5ab4862b0960f7fd15c89ccae2c24aab18282c542446f85d7ac224a,2026-09-18T04:25:00.473504Z,,,0.53,data/raw/dynamique/2026-09-18/042500.csv.gz,
2026-09-18T04:30:00.008602+00:00,200,8942525,a66fe367e203d5cc850631de870feeab64a5419ce194f81ec2e8a312aba4f7ca,2026-09-18T04:30:00.504964Z,,,0.56,data/raw/dynamique/2026-09-18/043000.csv.gz,
2026-09-18T04:35:00.004465+00:00,200,8942584,fd049151f5fdbe25d86631b2227fa0bf584ce19f2c13f3743313bd157eac8cd6,2026-09-18T04:35:00.483183Z,,,0.55,data/raw/dynamique/2026-09-18/043500.csv.gz,
2026-09-18T04:40:00.008258+00:00,200,8942540,dea7e80f337d6ec616a4e0b58d76ee4af7b87567e2edb748477bc50377d84b92,2026-09-18T04:40:00.494097Z,,,0.54,data/raw/dynamique/2026-09-18/044000.csv.gz,
2026-09-18T04:45:00.007344+00:00,200,8942628,c82f2e8c815ce0437b770db345e624b5d97f03c90a57873661de6c67e29d46cd,2026-09-18T04:45:00.539132Z,,,0.59,data/raw/dynamique/2026-09-18/044500.csv.gz,
2026-09-18T04:50:00.009024+00:00,200,8942620,3760b2e0cb4104a3765cb02102dc1d874a14cc8e287194cf00047b572290be02,2026-09-18T04:50:00.506909Z,,,0.57,data/raw/dynamique/2026-09-18/045000.csv.gz,
2026-09-18T04:55:00.001170+00:00,200,8942619,2a13c0ddf0fbaf6856ef22a43a176b49f573fb292aeba4fbd294b980e6e49b8a,2026-09-18T04:55:00.471218Z,,,0.53,data/raw/dynamique/2026-09-18/045500.csv.gz,
2026-09-18T05:00:00.001911+00:00,200,8942710,544634de628a37a53328bafcc8e613c6c6d89b07912a198dfab2cf0d2b6ef7c6,2026-09-18T05:00:00.534802Z,,,0.60,data/raw/dynamique/2026-09-18/050000.csv.gz,
2026-09-18T05:05:00.001833+00:00,200,8942926,1a11ea4fbf365f82f3ef4e6908f4de58fc596b07aa684eeef7a4c9bb9fd55974,2026-09-18T05:05:00.450462Z,,,0.53,data/raw/dynamique/2026-09-18/050500.csv.gz,
2026-09-18T05:10:00.009261+00:00,200,8942999,e05c27370eaa7b78af19d52c8e06c01e43376b9c1af778e040f0c54fbd9762b9,2026-09-18T05:10:00.489518Z,,,0.54,data/raw/dynamique/2026-09-18/051000.csv.gz,
2026-09-18T05:15:00.002116+00:00,200,8943083,b2350bd0a7682bd2901917a0747d1878b462a623950c9b3d72e97f65338c59b4,2026-09-18T05:15:00.501986Z,,,0.58,data/raw/dynamique/2026-09-18/051500.csv.gz,
2026-09-18T05:20:00.190535+00:00,200,8943047,d237e2920c4331ad9e845384a3b4b12ea4130db4a7e4cdefa3887528a6ab9fa5,2026-09-18T05:20:00.462743Z,,,0.53,data/raw/dynamique/2026-09-18/052000.csv.gz,
2026-09-18T05:25:00.011498+00:00,200,8943040,2f9b1715f5cbc88582cf635bcbb8a86cd38f596ac7eb98b6e2228a6712911dc7,2026-09-18T05:25:00.279586Z,,,0.54,data/raw/dynamique/2026-09-18/052500.csv.gz,
2026-09-18T05:30:00.011810+00:00,200,8943242,1c59151a447258f23f1c56e4593de90b75782687e2f8b52c765da352b262a1fd,2026-09-18T05:30:00.346985Z,,,0.61,data/raw/dynamique/2026-09-18/053000.csv.gz,
2026-09-18T05:35:00.011017+00:00,200,8943393,bfbd88b0bed0d2c0fc6d57c6361ad54b01068bc7f090c0a8394387d3205e39f0,2026-09-18T05:35:00.269045Z,,,0.54,data/raw/dynamique/2026-09-18/053500.csv.gz,
2026-09-18T05:40:00.017447+00:00,200,8943371,4d77a98860108ccdee57d761e823c85b04f6781030ee0d1ea69fb1eebddec915,2026-09-18T05:40:00.304230Z,,,0.58,data/raw/dynamique/2026-09-18/054000.csv.gz,
2026-09-18T05:45:00.018870+00:00,200,8943516,3c9c57bf90eada57d53f33aa65e965257d37414c6fbf7bc4f5adfec615a81f29,2026-09-18T05:45:00.345128Z,,,0.62,data/raw/dynamique/2026-09-18/054500.csv.gz,
2026-09-18T05:50:00.019033+00:00,200,8943483,df7baf251a82aca89e545f0fad7dd9b1e4e79c2a5b81ede1805ba9e14955dce4,2026-09-18T05:50:00.320895Z,,,0.61,data/raw/dynamique/2026-09-18/055000.csv.gz,
2026-09-18T05:54:59.762267+00:00,200,8943515,e0c7a2cc8e718ae719e409111ec95e730995f7955373ceb78f79dee2ea9d43b5,2026-09-18T05:55:00.308925Z,,,0.61,data/raw/dynamique/2026-09-18/055459.csv.gz,
2026-09-18T05:59:59.992144+00:00,200,8943759,f25005279b5cdbcefafebba7cbe511545248767b21efbd35aebd17c4e35f54de,2026-09-18T06:00:00.526909Z,,,0.81,data/raw/dynamique/2026-09-18/055959.csv.gz,
2026-09-18T06:04:59.989503+00:00,200,8944038,4f046320ad79875c5ad0cb3491bc9b1bf0ee7a8709328c292d8653b154a05b10,2026-09-18T06:05:00.494871Z,,,0.53,data/raw/dynamique/2026-09-18/060459.csv.gz,
2026-09-18T06:09:59.987185+00:00,200,8944109,9f001cacce4b6a39b2713ad5bdc877d588431faa0e258fee0e3de9ceda732f6b,2026-09-18T06:10:00.507744Z,,,0.53,data/raw/dynamique/2026-09-18/060959.csv.gz,
2026-09-18T06:15:00.256060+00:00,200,8945104,37ed3108f82a759fc7e53dce52be52c035179f5d25b3a83b1a4d8eada34b4320,2026-09-18T06:15:00.534040Z,,,0.54,data/raw/dynamique/2026-09-18/061500.csv.gz,
2026-09-18T06:20:00.018694+00:00,200,8945508,3707d2251262c097c76770e95aa7143725884aa78f8d15294e01a44a8dc33368,2026-09-18T06:20:00.318795Z,,,0.58,data/raw/dynamique/2026-09-18/062000.csv.gz,
2026-09-18T06:25:00.010325+00:00,200,8945574,fe8cc13ddca9985454ec27df80e1eb333df41757dcf2e633fbdc8f027c0619b1,2026-09-18T06:25:00.335255Z,,,0.60,data/raw/dynamique/2026-09-18/062500.csv.gz,
2026-09-18T06:30:00.010828+00:00,200,8945744,629f5d2583e3a89860462786b81f293a78f73e7f5abc999aec3c5255e6fba867,2026-09-18T06:30:00.333853Z,,,0.63,data/raw/dynamique/2026-09-18/063000.csv.gz,
2026-09-18T06:35:00.017128+00:00,200,8945701,a2ee08c42c00e5a5c32d1a8a980e9e8db29ae4d21ce5bef445a94951ea28d4e1,2026-09-18T06:35:00.299446Z,,,0.58,data/raw/dynamique/2026-09-18/063500.csv.gz,
2026-09-18T06:40:00.019056+00:00,200,8945832,33af348a21498978169e910aa6518173e14856171291a5293d4fe99daf3b3827,2026-09-18T06:40:00.331696Z,,,0.62,data/raw/dynamique/2026-09-18/064000.csv.gz,
2026-09-18T06:44:59.649519+00:00,200,8946057,07f5b508b9f3eeb54b03843c3fe91682ac53c1a5123ab5579d3767260506f378,2026-09-18T06:45:00.309250Z,,,0.60,data/raw/dynamique/2026-09-18/064459.csv.gz,
2026-09-18T06:50:00.016638+00:00,200,8946292,7f919dfbc0b32585ced291e78e7dcd9b75a6fdfe5a89212e4e355d010b59812b,2026-09-18T06:50:00.579527Z,,,0.50,data/raw/dynamique/2026-09-18/065000.csv.gz,
2026-09-18T06:55:00.019385+00:00,200,8946422,1d6d9e02869411e6501027d268d1bf181eb9efd69a78fd69907dbbdff7354348,2026-09-18T06:55:00.587857Z,,,0.53,data/raw/dynamique/2026-09-18/065500.csv.gz,
2026-09-18T07:00:00.019079+00:00,200,8946619,54ecde1d411746c39f919b2757226896ff6856e9ddb2ae89c24f7fb614d3ebbc,2026-09-18T07:00:00.574937Z,,,0.53,data/raw/dynamique/2026-09-18/070000.csv.gz,
2026-09-18T07:05:00.020596+00:00,200,8946928,9985aef073455e9b6aa87f749f05e075c5b2369a79652c45a61e97deca29da0d,2026-09-18T07:05:00.558510Z,,,0.53,data/raw/dynamique/2026-09-18/070500.csv.gz,
2026-09-18T07:10:00.009463+00:00,200,8947015,685ee205392af6d5ddebc64da9fa0eea42cedf157b69e4849306b75bc4981a03,2026-09-18T07:10:00.532649Z,,,0.53,data/raw/dynamique/2026-09-18/071000.csv.gz,
2026-09-18T07:15:00.013558+00:00,200,8947105,dc69084bcb6678428dfe25fb313552f0ba5211e91283ac8b6807a36eeac7cfed,2026-09-18T07:15:00.526379Z,,,0.54,data/raw/dynamique/2026-09-18/071500.csv.gz,
2026-09-18T07:20:00.029502+00:00,200,8947242,0043b0af7e69d2611826a66d8f3d5c1754de837335029f029c442c9b184d86ee,2026-09-18T07:20:00.532681Z,,,0.55,data/raw/dynamique/2026-09-18/072000.csv.gz,
2026-09-18T07:25:00.015896+00:00,200,8947309,be1a30c9c172b78b76ae3fe7005fd09737d8c3cb8c3e81e45e34e5806889ccb1,2026-09-18T07:25:00.476670Z,,,0.55,data/raw/dynamique/2026-09-18/072500.csv.gz,
2026-09-18T07:30:00.014125+00:00,200,8947214,b267a084d7b4020eb623b17ed008390edc9298a57010bd26b8f3980b104a336a,2026-09-18T07:30:00.571944Z,,,0.60,data/raw/dynamique/2026-09-18/073000.csv.gz,
2026-09-18T07:35:00.190976+00:00,200,8947183,4732cf8afa5c80215af86eea2e78f5c4b0977fb895fb7daf2e56ea0d723cb6fe,2026-09-18T07:35:00.524007Z,,,0.60,data/raw/dynamique/2026-09-18/073500.csv.gz,
2026-09-18T07:40:00.014169+00:00,200,8947271,181211be0ed59403c9e9089dc87f8d2463b3ce0e46dac0a294fc564e02cb3e54,2026-09-18T07:40:00.367253Z,,,0.64,data/raw/dynamique/2026-09-18/074000.csv.gz,
2026-09-18T07:45:00.011489+00:00,200,8947224,91787ba1b5df5e87743a51523e849fb432a9838c467071abb9da8ff1038ef566,2026-09-18T07:45:00.456994Z,,,0.80,data/raw/dynamique/2026-09-18/074500.csv.gz,
2026-09-18T07:50:00.018270+00:00,200,8947276,c7ace524210bde0e0e41a854edec384fd5db032cb7d995144222948231b7e49f,2026-09-18T07:50:00.343437Z,,,0.68,data/raw/dynamique/2026-09-18/075000.csv.gz,
2026-09-18T07:54:59.967532+00:00,200,8947238,aa1d5dd279c42c0d6d3f410b377050453441ca2fd23ff9a9c4e510003a796024,2026-09-18T07:55:00.298619Z,,,0.88,data/raw/dynamique/2026-09-18/075459.csv.gz,
2026-09-18T08:00:00.004207+00:00,200,8947316,5e6a8bb332caab90b8e8f0a9705aeec3807369119d5b5998f3747fe3850c00ac,2026-09-18T08:00:00.498145Z,,,0.74,data/raw/dynamique/2026-09-18/080000.csv.gz,
2026-09-18T08:05:00.005709+00:00,200,8947313,1b185fc352519bc8045308684eb6f75ffca6eb6986ea6d89ac7fac47a531f0e7,2026-09-18T08:05:00.419525Z,,,0.64,data/raw/dynamique/2026-09-18/080500.csv.gz,
2026-09-18T08:09:59.973370+00:00,200,8947327,24f776dc71f2cf2ac84d51adfc6443aa235d0dceb644c1eb047f2374e95457b7,2026-09-18T08:10:00.425374Z,,,0.75,data/raw/dynamique/2026-09-18/080959.csv.gz,
2026-09-18T08:14:59.998997+00:00,200,8947078,61d630d1f98ae506e4078701435dd8fa37fd42e24604e388c76d700a3c204909,2026-09-18T08:15:00.388584Z,,,0.66,data/raw/dynamique/2026-09-18/081459.csv.gz,
2026-09-18T08:20:00.001682+00:00,200,8947123,2e5abe1a3a13078e04794f0e51cba1255143d05c01b9ff635670cfa4f43bc32b,2026-09-18T08:20:00.423322Z,,,0.66,data/raw/dynamique/2026-09-18/082000.csv.gz,
2026-09-18T08:25:00.066349+00:00,200,8946921,1ca55e4f79618a7eccecdc89079b11d6f69b1fb3b8679197b9d20b42705b7f89,2026-09-18T08:25:00.451634Z,,,0.67,data/raw/dynamique/2026-09-18/082500.csv.gz,
2026-09-18T08:30:00.007248+00:00,200,8947103,6f0cf1423bf360dc94cb409a0cb6d5697ab7ea43477dabae3d86ecf3ab3b75be,2026-09-18T08:30:00.490608Z,,,0.91,data/raw/dynamique/2026-09-18/083000.csv.gz,
2026-09-18T08:35:00.007852+00:00,200,8947101,4bc961f035eb6ad65832bae60f983770632b03532c761e091a006cf9b18d1cd7,2026-09-18T08:35:04.401010Z,,,19.05,data/raw/dynamique/2026-09-18/083500.csv.gz,
2026-09-18T08:40:00.010243+00:00,,,,,,,0.01,,"URLError: <urlopen error [Errno 8] nodename nor servname provided, or not known>"
2026-09-18T08:45:00.008843+00:00,,,,,,,0.00,,"URLError: <urlopen error [Errno 8] nodename nor servname provided, or not known>"
2026-09-18T08:50:00.012571+00:00,,,,,,,0.00,,"URLError: <urlopen error [Errno 8] nodename nor servname provided, or not known>"
2026-09-18T08:55:00.011494+00:00,200,8946901,30307e4ca8c69be7d8054dfc8eab8c4078a85199dcec50960490988f14f8830c,2026-09-18T08:55:00.390403Z,,,0.81,data/raw/dynamique/2026-09-18/085500.csv.gz,
2026-09-18T09:00:00.012969+00:00,200,8946902,84c79b420afa4d73c13ab68b0f47fe92b95e1046a1b5822260cc9d936565067c,2026-09-18T09:00:00.471788Z,,,0.90,data/raw/dynamique/2026-09-18/090000.csv.gz,
2026-09-18T09:05:00.006727+00:00,200,8947050,018593f2901183389b9b712d6ef44fc1ea95c9f40209e10531cdcdeeda7a1195,2026-09-18T09:05:00.348503Z,,,1.47,data/raw/dynamique/2026-09-18/090500.csv.gz,
2026-09-18T09:10:00.003187+00:00,200,8946861,a75137b63df720a13bd311603c7af4fd30ca5faa781758fecff8f6dcbca03071,2026-09-18T09:10:00.440935Z,,,0.84,data/raw/dynamique/2026-09-18/091000.csv.gz,
2026-09-18T09:14:59.911642+00:00,200,8946772,68b575d1c03f36877e14c0d51ac4d8f8eec77f39f445f3290f6139937cef8224,2026-09-18T09:15:00.453068Z,,,1.32,data/raw/dynamique/2026-09-18/091459.csv.gz,
2026-09-18T09:19:59.999821+00:00,200,8946499,dd493ae27b3c1fd8a6669af39d033a397d283ab8d3924f9cc1f3d579537ddcc3,2026-09-18T09:20:00.423437Z,,,0.72,data/raw/dynamique/2026-09-18/091959.csv.gz,
2026-09-18T09:24:59.998429+00:00,200,8946451,566131d952c6899ab142a47748b7d4c07ccbe63b03c3d29b52bb749022e337ff,2026-09-18T09:25:00.757840Z,,,1.59,data/raw/dynamique/2026-09-18/092459.csv.gz,
2026-09-18T09:30:00.004098+00:00,200,8946431,f714c6d1c7e3bb5336e3813e5ae4ab63786f8ababe6e8cb2abff205fed6ccaee,2026-09-18T09:30:00.628162Z,,,0.92,data/raw/dynamique/2026-09-18/093000.csv.gz,
2026-09-18T09:35:00.011219+00:00,200,8946202,3ac8a6bc8b02a8fd013ceb4ba0238977c12d69c96a266c75ca66c5b7a7c48416,2026-09-18T09:35:00.564358Z,,,0.78,data/raw/dynamique/2026-09-18/093500.csv.gz,
2026-09-18T09:39:59.999683+00:00,200,8946118,15de85cc89f3d40199d1807f185fc461d8a7b64df3a6fe7da07bc63ccfa5b987,2026-09-18T09:40:00.565085Z,,,1.02,data/raw/dynamique/2026-09-18/093959.csv.gz,
2026-09-18T09:44:59.996072+00:00,200,8946076,25e6cb580c11e5f4a6771dc2cb1617c563fa731f644c60563bb62161800a2d28,2026-09-18T09:45:00.398086Z,,,0.68,data/raw/dynamique/2026-09-18/094459.csv.gz,
2026-09-18T09:49:59.923220+00:00,200,8946012,d7f9f6706e93f588153209f6ee70bd0f16e5d149ff491d56fe4195f8315caaca,2026-09-18T09:50:00.496888Z,,,0.72,data/raw/dynamique/2026-09-18/094959.csv.gz,
2026-09-18T09:54:59.992079+00:00,200,8945989,ce4d2541bc20d9412bb72d054d2dc0294a45949f4f642907c121f20569bdef38,2026-09-18T09:55:00.535346Z,,,0.72,data/raw/dynamique/2026-09-18/095459.csv.gz,
2026-09-18T09:59:59.988414+00:00,200,8946173,db6560ef401550538d69cc6a08d90b3c88b019c074ac852cee5cbb3394d1af8f,2026-09-18T10:00:01.270716Z,,,1.65,data/raw/dynamique/2026-09-18/095959.csv.gz,
2026-09-18T10:04:59.992348+00:00,200,8946307,202b4a8935317cc7b617f178123b5de9d2921fd8e6d81d90edd8540759cbce61,2026-09-18T10:05:00.554554Z,,,0.73,data/raw/dynamique/2026-09-18/100459.csv.gz,
2026-09-18T10:09:59.992051+00:00,200,8946257,ca3d1bcd66d5f21649c92a2a574fbfb45e645098e01111b5adf6e1b13b195d96,2026-09-18T10:10:00.585351Z,,,0.73,data/raw/dynamique/2026-09-18/100959.csv.gz,
2026-09-18T10:14:59.997109+00:00,200,8946280,83beb1e6717439ee92dd5978de9cf5db860e85a836aea21043c5998ed8d1827e,2026-09-18T10:15:00.750962Z,,,0.88,data/raw/dynamique/2026-09-18/101459.csv.gz,
2026-09-18T10:19:59.992133+00:00,200,8946490,6dfab4f8b2923913d66babd4813773d90cebd04993f1d658a4ca91b7b2e8eef1,2026-09-18T10:20:00.627303Z,,,0.80,data/raw/dynamique/2026-09-18/101959.csv.gz,
2026-09-18T10:25:00.013358+00:00,200,8946613,b7637894bcbe617c1b5bb4e541ff6a2a3aeffb19f015ebd6436e4a86e89f861e,2026-09-18T10:25:00.616445Z,,,0.73,data/raw/dynamique/2026-09-18/102500.csv.gz,
2026-09-18T10:29:59.992874+00:00,200,8946771,18b059d964d8d1d29ae224cff73d01d5ec435348974d430f735620ddca42fce9,2026-09-18T10:30:01.124229Z,,,1.19,data/raw/dynamique/2026-09-18/102959.csv.gz,
2026-09-18T10:34:59.994618+00:00,200,8946739,6e25cb10af3521a5e0abd7ca8261c9e920ef8c74ceaf64f83ab0d670e5a5f589,2026-09-18T10:35:00.652517Z,,,0.75,data/raw/dynamique/2026-09-18/103459.csv.gz,
2026-09-18T10:39:59.993323+00:00,200,8946847,8290c69dcbf66bc47aa21fa4bb773ea586ece9eceda6fabe5a13bbadae68a8db,2026-09-18T10:40:00.639249Z,,,0.74,data/raw/dynamique/2026-09-18/103959.csv.gz,
2026-09-18T10:44:59.994635+00:00,200,8946800,d1b4fff5d042203742dc62b03a783bfef399e086025694d542b3c51724a0c314,2026-09-18T10:45:00.592408Z,,,0.70,data/raw/dynamique/2026-09-18/104459.csv.gz,
2026-09-18T10:49:59.997769+00:00,200,8946843,ddff9ab958b607bfdffa8d79fe5fb96088ae4e8804d6dfa14fbdb30da720ec3f,2026-09-18T10:50:00.686712Z,,,0.79,data/raw/dynamique/2026-09-18/104959.csv.gz,
2026-09-18T10:54:59.992537+00:00,200,8946892,63390422a81433aa500e84c306d2715f2c1ca3bd3839cd2657fd912dd7f71b25,2026-09-18T10:55:00.703823Z,,,0.71,data/raw/dynamique/2026-09-18/105459.csv.gz,
2026-09-18T10:59:59.992080+00:00,200,8946655,3149780c9f124d856d51b1f236a0398b0c50dc69337a87b10fc51f08b25f0dfc,2026-09-18T11:00:00.789937Z,,,0.84,data/raw/dynamique/2026-09-18/105959.csv.gz,
2026-09-18T11:04:59.990738+00:00,200,8947345,2b6cd1c2f3d626f531407b18eb1ec9eb44302c28566ef0c77cee8a69524881e9,2026-09-18T11:05:00.681719Z,,,0.72,data/raw/dynamique/2026-09-18/110459.csv.gz,
2026-09-18T11:10:00.024094+00:00,200,8947022,666d5234a2e77646465bbfb4b0a278a047561a435e71d181d66205be48821bfb,2026-09-18T11:10:00.696939Z,,,0.66,data/raw/dynamique/2026-09-18/111000.csv.gz,
2026-09-18T11:14:59.997015+00:00,200,8947044,82a5f8d085f76898ca209d5a944ccb8a0dcf374b18e24e0ea84d4d121cdeefc3,2026-09-18T11:15:00.770809Z,,,1.30,data/raw/dynamique/2026-09-18/111459.csv.gz,
2026-09-18T11:19:59.995906+00:00,200,8946983,1912ccdaf5ff2e5e65d50eec2a41fd94949006943da11fcfc77a332e73fe91fe,2026-09-18T11:20:00.716588Z,,,1.56,data/raw/dynamique/2026-09-18/111959.csv.gz,
2026-09-18T11:25:00.052408+00:00,200,8946934,690bff5fd74888d79a0d8df3411b5418b026b8c1eb10f7e1ea4dadadbb30ec8f,2026-09-18T11:25:00.674600Z,,,1.39,data/raw/dynamique/2026-09-18/112500.csv.gz,
2026-09-18T11:30:00.009599+00:00,200,8947140,b0d5b6052d16534e41efbc56e8591692df4ef982f5f32d3757bcec74380cf7d8,2026-09-18T11:30:00.736145Z,,,0.73,data/raw/dynamique/2026-09-18/113000.csv.gz,
2026-09-18T11:35:00.002157+00:00,200,8946967,1abeee4de77ceab5f5856d450cd20e4ffcf4664cb51544b503e01da638630900,2026-09-18T11:35:00.585983Z,,,0.60,data/raw/dynamique/2026-09-18/113500.csv.gz,
2026-09-18T11:40:00.041722+00:00,200,8946879,f277eab428555aad4e56f5bbcc961653247c3ba5c1df3adab21f3262775218b5,2026-09-18T11:40:00.702991Z,,,0.71,data/raw/dynamique/2026-09-18/114000.csv.gz,
2026-09-18T11:45:00.003856+00:00,200,8946811,d2ada2bd989f86b335e23c118509abb9894c0b9909092cf3928be71a0cce9f8a,2026-09-18T11:45:00.590839Z,,,0.62,data/raw/dynamique/2026-09-18/114500.csv.gz,
2026-09-18T11:50:00.004863+00:00,200,8946776,6d90dc32fe0b2bb3dcd2d5265e79d3a3b5130b807cec96b99e341662f69e23a4,2026-09-18T11:50:00.610542Z,,,0.66,data/raw/dynamique/2026-09-18/115000.csv.gz,
2026-09-18T11:55:00.005737+00:00,200,8946637,17360ce77a5977091281e4d874f0009c18acbf5c68fee45aa23cbdd71cdbde37,2026-09-18T11:55:00.555172Z,,,0.72,data/raw/dynamique/2026-09-18/115500.csv.gz,
2026-09-18T12:00:00.267753+00:00,200,8946789,b1cbd1524fbe7f0553747338a0ebf7781e858b157f7a519a7db62721f550b1a3,2026-09-18T12:00:00.769441Z,,,0.84,data/raw/dynamique/2026-09-18/120000.csv.gz,
2026-09-18T12:05:00.013646+00:00,200,8946390,c9e1404b8ad3f001c55f2413be7ac4fa3dd34d6c3a026aca7ecf4c4b4a1f8dbb,2026-09-18T12:05:00.353275Z,,,0.79,data/raw/dynamique/2026-09-18/120500.csv.gz,
2026-09-18T12:10:00.010038+00:00,200,8946666,7f7a366675e05efb254598e8c72f0b94a77e869c5c6bcdf99ee6bdd228c39dfd,2026-09-18T12:10:00.421547Z,,,0.75,data/raw/dynamique/2026-09-18/121000.csv.gz,
2026-09-18T12:15:00.013124+00:00,200,8946782,419015a16db1f3695dda345a762384554722ebd4dfcd7491ede2ca7cdcc554ca,2026-09-18T12:15:00.448869Z,,,0.77,data/raw/dynamique/2026-09-18/121500.csv.gz,
2026-09-18T12:19:59.971253+00:00,200,8946682,e0605a219f432300926d2c616d3230080b24d7f6bce09100e8c379a72bb62cd9,2026-09-18T12:20:00.445365Z,,,0.79,data/raw/dynamique/2026-09-18/121959.csv.gz,
2026-09-18T12:25:00.012264+00:00,200,8946521,5e295df66083cddd2a8d96b7d0612ef7d4e679f26ccd4728ac1736c88778b21f,2026-09-18T12:25:00.373372Z,,,0.67,data/raw/dynamique/2026-09-18/122500.csv.gz,
2026-09-18T12:30:00.013672+00:00,200,8946623,77e9ae477b3feb29d04b9d543e0a9d6e235343963d2726ca9a7d18261729c72a,2026-09-18T12:30:00.510088Z,,,1.11,data/raw/dynamique/2026-09-18/123000.csv.gz,
2026-09-18T12:35:00.005060+00:00,200,8946726,7843f3df93f5f45836a719182cf478f3c4ff3b4e666162b90dd6dd3838abda15,2026-09-18T12:35:00.346066Z,,,0.65,data/raw/dynamique/2026-09-18/123500.csv.gz,
2026-09-18T12:40:00.007574+00:00,200,8946440,10ed947bc8d8ae38ea87a6ea0e36d42145f461f1efb5b72842c8a91002e1ce08,2026-09-18T12:40:00.414277Z,,,0.93,data/raw/dynamique/2026-09-18/124000.csv.gz,
2026-09-18T12:45:00.012339+00:00,200,8946525,9b7d6df75940e08a97fea46bdb76b55a71195dc6f01e075d8d35be49f4ff6ae7,2026-09-18T12:45:00.382811Z,,,0.67,data/raw/dynamique/2026-09-18/124500.csv.gz,
2026-09-18T12:50:00.001848+00:00,200,8946347,c579e3260c9710b2ec3cb73d61aa113769d4b772bfe662b1c1bdb5c593ca7bdc,2026-09-18T12:50:00.423565Z,,,0.73,data/raw/dynamique/2026-09-18/125000.csv.gz,
2026-09-18T12:55:00.012077+00:00,200,8946330,5ee7ff661b99d8c1f404a2a83352b0f9fd4ba78f9380118282297caa379c88d2,2026-09-18T12:55:00.369109Z,,,0.68,data/raw/dynamique/2026-09-18/125500.csv.gz,
2026-09-18T13:00:00.008275+00:00,200,8946456,d2eeef51f644914a7b99c8ff2b5af440f9c2f3ab77351c972fae7ab791838301,2026-09-18T13:00:00.383612Z,,,0.70,data/raw/dynamique/2026-09-18/130000.csv.gz,
2026-09-18T13:05:00.010664+00:00,200,8946673,a104a1090833c3ae0db4523cd8e80d7eefbf58a9fb276bcf20181e4dd01bfdd5,2026-09-18T13:05:00.273371Z,,,0.59,data/raw/dynamique/2026-09-18/130500.csv.gz,
2026-09-18T13:10:00.004941+00:00,200,8946736,bdb608b4f4844604e3db53e85749e0f8f0d30e1b077f4196965f228e6bacc34e,2026-09-18T13:10:00.304214Z,,,1.03,data/raw/dynamique/2026-09-18/131000.csv.gz,
2026-09-18T13:15:00.010967+00:00,200,8946621,42a5096b1149dbe44c160f8d34f98af35b83e444c1e69a6f59d179e65b40ff6b,2026-09-18T13:15:00.466462Z,,,1.64,data/raw/dynamique/2026-09-18/131500.csv.gz,
2026-09-18T13:19:59.987537+00:00,200,8947145,c93b0b08627affe5f5d53bcaf023718e0e43f76fd0fb734816c312d29c64e9a0,2026-09-18T13:20:00.453405Z,,,0.83,data/raw/dynamique/2026-09-18/131959.csv.gz,
2026-09-18T13:24:59.998682+00:00,200,8947252,6a0ed7a3dd3553ab6887937fb89324e8d41555691d775abdc12bca113c3c2a40,2026-09-18T13:25:00.365687Z,,,0.71,data/raw/dynamique/2026-09-18/132459.csv.gz,
2026-09-18T13:30:00.001351+00:00,200,8947297,1d02a546134d8ca1c3031439d643c03cd09626d33db92713b8d0078d87f67b68,2026-09-18T13:30:00.434408Z,,,0.83,data/raw/dynamique/2026-09-18/133000.csv.gz,
2026-09-18T13:35:00.002262+00:00,200,8947119,562f583c58b5f976874b98b972f3897b06d89534daef0d029ff74d1555eea491,2026-09-18T13:35:00.470004Z,,,0.77,data/raw/dynamique/2026-09-18/133500.csv.gz,
2026-09-18T13:40:00.004754+00:00,200,8947247,30a756b1e5507ce4211ef1f288f6e663eac8d8730a4266570e09e9d11ea2edf2,2026-09-18T13:40:00.461377Z,,,0.87,data/raw/dynamique/2026-09-18/134000.csv.gz,
2026-09-18T13:45:00.004104+00:00,200,8947203,26d1262117644c7ccfee8c804f07100c026201aad5f0854141d93f93187e235a,2026-09-18T13:45:00.483635Z,,,0.87,data/raw/dynamique/2026-09-18/134500.csv.gz,
2026-09-18T13:50:00.003872+00:00,200,8947295,0ae62717f8b43056de7b95ae9cb764da2276355ebceff235769ede5c74f6c400,2026-09-18T13:50:00.436861Z,,,0.82,data/raw/dynamique/2026-09-18/135000.csv.gz,
2026-09-18T13:55:00.001524+00:00,200,8947342,36b945f30b6e81663e3718f1e6398f5760ff0ae1329970ce3e6c06bd84351007,2026-09-18T13:55:00.475282Z,,,0.80,data/raw/dynamique/2026-09-18/135500.csv.gz,
2026-09-18T14:00:00.004725+00:00,200,8947246,f3aeca0871913f3c361cf9101ef4086cd8d61a15a72be451a2a89176a481f39c,2026-09-18T14:00:00.656243Z,,,1.12,data/raw/dynamique/2026-09-18/140000.csv.gz,
2026-09-18T14:05:00.000328+00:00,200,8947043,719710ab14ea36ecf9251dda0d0cdb11be2b5ce3ef4cbb12c0e46465e7bc256b,2026-09-18T14:05:00.427812Z,,,0.78,data/raw/dynamique/2026-09-18/140500.csv.gz,
2026-09-18T14:10:00.002777+00:00,200,8947188,bdbe8686be9760a74773a7d2b270cb853de71df7e7ae5ca60ff99ae164f20e61,2026-09-18T14:10:00.487940Z,,,0.83,data/raw/dynamique/2026-09-18/141000.csv.gz,
2026-09-18T14:15:00.000761+00:00,200,8946981,8ed783f9e03b77e3ad4b95f7354e15e99e1845a449dca93e7fd4d5f8ea75bbe4,2026-09-18T14:15:00.395628Z,,,0.76,data/raw/dynamique/2026-09-18/141500.csv.gz,
2026-09-18T14:20:00.002592+00:00,200,8947022,ad433f7e903e28bb557b1e01c01c6cf1d83c2af1bedc4b7a66525d59b6192c06,2026-09-18T14:20:00.468529Z,,,0.85,data/raw/dynamique/2026-09-18/142000.csv.gz,
2026-09-18T14:25:00.004144+00:00,200,8946865,e2b0b7ca24b9b50f3dd75797d305e64cd424c125c3b9a566c975176a8bd1b2f0,2026-09-18T14:25:00.405811Z,,,1.26,data/raw/dynamique/2026-09-18/142500.csv.gz,
2026-09-18T14:30:00.010444+00:00,200,8946788,112031d072099a3dac3197dfb48f600306aa7fb08af09568c6772d183ea4218b,2026-09-18T14:30:00.730236Z,,,1.08,data/raw/dynamique/2026-09-18/143000.csv.gz,
2026-09-18T14:35:00.003743+00:00,200,8946919,43bac774ee4085b53b273525349a30f31e7ca9f4a6b08b57d57c79d870354eea,2026-09-18T14:35:00.434455Z,,,0.79,data/raw/dynamique/2026-09-18/143500.csv.gz,
2026-09-18T14:40:00.003077+00:00,200,8946549,71c303eab2a962c45e885b24788a09964b480cbaab40b176fbc278e3bfbb1589,2026-09-18T14:40:00.473108Z,,,0.86,data/raw/dynamique/2026-09-18/144000.csv.gz,
2026-09-18T14:44:59.988075+00:00,200,8946655,464a416e10236e65eb293921dcb19c59a1851a327317a7af195c72479551e808,2026-09-18T14:45:00.442877Z,,,0.79,data/raw/dynamique/2026-09-18/144459.csv.gz,
2026-09-18T14:50:00.002890+00:00,200,8946597,2e52ff48b34aa50608caa5a8ce475abb9cec85577c21f2824890212299e5c378,2026-09-18T14:50:00.480009Z,,,0.76,data/raw/dynamique/2026-09-18/145000.csv.gz,
2026-09-18T14:55:00.001351+00:00,200,8946538,695cb5374bd7fb91d0233fa446ef9dcb79e4dac251efe608d67341f342ace386,2026-09-18T14:55:00.492867Z,,,0.75,data/raw/dynamique/2026-09-18/145500.csv.gz,
2026-09-18T15:00:00.011557+00:00,200,8946646,8295eb27dbc574b327b4d10a7f61421c290f466585d67f22b438bfb499050b47,2026-09-18T15:00:00.582235Z,,,0.96,data/raw/dynamique/2026-09-18/150000.csv.gz,
2026-09-18T15:05:00.006352+00:00,200,8946533,0e5920f58007c84af9ee95a9637a6ee404131f3ab3f2be614c7e51b6d2929a1b,2026-09-18T15:05:00.379725Z,,,0.63,data/raw/dynamique/2026-09-18/150500.csv.gz,
2026-09-18T15:10:00.009427+00:00,,,,,,,0.01,,"URLError: <urlopen error [Errno 8] nodename nor servname provided, or not known>"
2026-09-18T15:15:00.007416+00:00,,,,,,,0.00,,"URLError: <urlopen error [Errno 8] nodename nor servname provided, or not known>"
2026-09-18T15:20:00.006770+00:00,,,,,,,0.00,,"URLError: <urlopen error [Errno 8] nodename nor servname provided, or not known>"
2026-09-18T15:25:00.009400+00:00,,,,,,,0.01,,"URLError: <urlopen error [Errno 8] nodename nor servname provided, or not known>"
2026-09-18T15:29:59.999446+00:00,,,,,,,0.01,,"URLError: <urlopen error [Errno 8] nodename nor servname provided, or not known>"
2026-09-18T15:35:00.007408+00:00,,,,,,,0.00,,"URLError: <urlopen error [Errno 8] nodename nor servname provided, or not known>"
2026-09-18T15:40:00.006562+00:00,,,,,,,0.01,,"URLError: <urlopen error [Errno 8] nodename nor servname provided, or not known>"
2026-09-18T15:45:00.009266+00:00,,,,,,,0.01,,"URLError: <urlopen error [Errno 8] nodename nor servname provided, or not known>"
2026-09-18T15:50:00.004078+00:00,,,,,,,0.00,,"URLError: <urlopen error [Errno 8] nodename nor servname provided, or not known>"
2026-09-18T15:55:00.008626+00:00,,,,,,,0.00,,"URLError: <urlopen error [Errno 8] nodename nor servname provided, or not known>"
2026-09-18T16:00:00.009344+00:00,,,,,,,0.00,,"URLError: <urlopen error [Errno 8] nodename nor servname provided, or not known>"
2026-09-18T16:04:59.999514+00:00,,,,,,,0.01,,"URLError: <urlopen error [Errno 8] nodename nor servname provided, or not known>"
2026-09-18T16:10:00.006238+00:00,,,,,,,0.00,,"URLError: <urlopen error [Errno 8] nodename nor servname provided, or not known>"
2026-09-18T16:15:00.008133+00:00,,,,,,,0.00,,"URLError: <urlopen error [Errno 8] nodename nor servname provided, or not known>"
2026-09-18T16:20:00.007956+00:00,,,,,,,0.00,,"URLError: <urlopen error [Errno 8] nodename nor servname provided, or not known>"
2026-09-18T16:25:00.000384+00:00,,,,,,,0.00,,"URLError: <urlopen error [Errno 8] nodename nor servname provided, or not known>"
2026-09-18T16:30:00.006084+00:00,,,,,,,0.01,,"URLError: <urlopen error [Errno 8] nodename nor servname provided, or not known>"
2026-09-18T16:35:00.002290+00:00,,,,,,,0.00,,"URLError: <urlopen error [Errno 8] nodename nor servname provided, or not known>"
2026-09-18T16:40:00.005799+00:00,,,,,,,0.00,,"URLError: <urlopen error [Errno 8] nodename nor servname provided, or not known>"
2026-09-18T16:45:00.008085+00:00,,,,,,,0.00,,"URLError: <urlopen error [Errno 8] nodename nor servname provided, or not known>"
2026-09-18T16:50:00.002264+00:00,,,,,,,0.00,,"URLError: <urlopen error [Errno 8] nodename nor servname provided, or not known>"
2026-09-18T16:54:59.999400+00:00,,,,,,,0.00,,"URLError: <urlopen error [Errno 8] nodename nor servname provided, or not known>"
2026-09-18T17:00:00.006353+00:00,,,,,,,0.00,,"URLError: <urlopen error [Errno 8] nodename nor servname provided, or not known>"
2026-09-18T17:05:00.007231+00:00,,,,,,,0.00,,"URLError: <urlopen error [Errno 8] nodename nor servname provided, or not known>"
2026-09-18T17:10:00.005109+00:00,,,,,,,0.00,,"URLError: <urlopen error [Errno 8] nodename nor servname provided, or not known>"
2026-09-18T17:15:00.002849+00:00,,,,,,,0.00,,"URLError: <urlopen error [Errno 8] nodename nor servname provided, or not known>"
2026-09-18T17:20:00.001721+00:00,,,,,,,0.00,,"URLError: <urlopen error [Errno 8] nodename nor servname provided, or not known>"
2026-09-18T17:25:00.001915+00:00,,,,,,,0.00,,"URLError: <urlopen error [Errno 8] nodename nor servname provided, or not known>"
2026-09-18T17:30:00.000902+00:00,,,,,,,0.00,,"URLError: <urlopen error [Errno 8] nodename nor servname provided, or not known>"
2026-09-18T17:35:00.001076+00:00,,,,,,,0.00,,"URLError: <urlopen error [Errno 8] nodename nor servname provided, or not known>"
2026-09-18T17:40:00.008333+00:00,,,,,,,0.00,,"URLError: <urlopen error [Errno 8] nodename nor servname provided, or not known>"
2026-09-18T17:45:00.006191+00:00,,,,,,,0.00,,"URLError: <urlopen error [Errno 8] nodename nor servname provided, or not known>"
2026-09-18T17:50:00.004882+00:00,,,,,,,0.00,,"URLError: <urlopen error [Errno 8] nodename nor servname provided, or not known>"
2026-09-18T17:55:00.007977+00:00,,,,,,,0.01,,"URLError: <urlopen error [Errno 8] nodename nor servname provided, or not known>"
2026-09-18T18:00:00.007021+00:00,,,,,,,0.00,,"URLError: <urlopen error [Errno 8] nodename nor servname provided, or not known>"
2026-09-18T18:05:00.004806+00:00,,,,,,,0.00,,"URLError: <urlopen error [Errno 8] nodename nor servname provided, or not known>"
2026-09-18T18:10:00.003471+00:00,,,,,,,0.00,,"URLError: <urlopen error [Errno 8] nodename nor servname provided, or not known>"
2026-09-18T18:15:00.001211+00:00,,,,,,,0.00,,"URLError: <urlopen error [Errno 8] nodename nor servname provided, or not known>"
2026-09-18T18:20:00.007491+00:00,,,,,,,0.01,,"URLError: <urlopen error [Errno 8] nodename nor servname provided, or not known>"
2026-09-18T18:25:00.007660+00:00,,,,,,,0.00,,"URLError: <urlopen error [Errno 8] nodename nor servname provided, or not known>"
2026-09-18T18:30:00.003039+00:00,,,,,,,0.00,,"URLError: <urlopen error [Errno 8] nodename nor servname provided, or not known>"
2026-09-18T18:35:00.008890+00:00,,,,,,,0.00,,"URLError: <urlopen error [Errno 8] nodename nor servname provided, or not known>"
2026-09-18T18:40:00.006774+00:00,,,,,,,0.00,,"URLError: <urlopen error [Errno 8] nodename nor servname provided, or not known>"
2026-09-18T18:45:00.007468+00:00,,,,,,,0.00,,"URLError: <urlopen error [Errno 8] nodename nor servname provided, or not known>"
2026-09-18T18:50:00.007369+00:00,,,,,,,0.00,,"URLError: <urlopen error [Errno 8] nodename nor servname provided, or not known>"
2026-09-18T18:55:00.007534+00:00,,,,,,,0.01,,"URLError: <urlopen error [Errno 8] nodename nor servname provided, or not known>"
2026-09-18T19:00:00.008481+00:00,,,,,,,0.01,,"URLError: <urlopen error [Errno 8] nodename nor servname provided, or not known>"
2026-09-18T19:05:00.001782+00:00,,,,,,,0.00,,"URLError: <urlopen error [Errno 8] nodename nor servname provided, or not known>"
2026-09-18T19:10:00.008104+00:00,,,,,,,0.00,,"URLError: <urlopen error [Errno 8] nodename nor servname provided, or not known>"
2026-09-18T19:15:00.008079+00:00,,,,,,,0.00,,"URLError: <urlopen error [Errno 8] nodename nor servname provided, or not known>"
2026-09-18T19:20:00.007005+00:00,,,,,,,0.00,,"URLError: <urlopen error [Errno 8] nodename nor servname provided, or not known>"
2026-09-18T19:25:00.002280+00:00,,,,,,,0.00,,"URLError: <urlopen error [Errno 8] nodename nor servname provided, or not known>"
2026-09-18T19:30:00.002254+00:00,,,,,,,0.00,,"URLError: <urlopen error [Errno 8] nodename nor servname provided, or not known>"
2026-09-18T19:35:00.000513+00:00,,,,,,,0.00,,"URLError: <urlopen error [Errno 8] nodename nor servname provided, or not known>"
2026-09-18T19:40:00.007317+00:00,,,,,,,0.00,,"URLError: <urlopen error [Errno 8] nodename nor servname provided, or not known>"
2026-09-18T19:45:00.007579+00:00,,,,,,,0.00,,"URLError: <urlopen error [Errno 8] nodename nor servname provided, or not known>"
2026-09-18T19:50:00.009117+00:00,,,,,,,0.00,,"URLError: <urlopen error [Errno 8] nodename nor servname provided, or not known>"
2026-09-18T19:55:00.007043+00:00,,,,,,,0.00,,"URLError: <urlopen error [Errno 8] nodename nor servname provided, or not known>"
2026-09-18T20:00:00.007688+00:00,,,,,,,0.00,,"URLError: <urlopen error [Errno 8] nodename nor servname provided, or not known>"
2026-09-18T20:05:00.008476+00:00,,,,,,,0.00,,"URLError: <urlopen error [Errno 8] nodename nor servname provided, or not known>"
2026-09-18T20:10:00.009117+00:00,,,,,,,0.01,,"URLError: <urlopen error [Errno 8] nodename nor servname provided, or not known>"
2026-09-18T20:15:00.002756+00:00,,,,,,,0.00,,"URLError: <urlopen error [Errno 8] nodename nor servname provided, or not known>"
2026-09-18T20:20:00.003727+00:00,,,,,,,0.00,,"URLError: <urlopen error [Errno 8] nodename nor servname provided, or not known>"
2026-09-18T20:25:00.004771+00:00,,,,,,,0.00,,"URLError: <urlopen error [Errno 8] nodename nor servname provided, or not known>"
2026-09-18T20:30:00.000917+00:00,,,,,,,0.00,,"URLError: <urlopen error [Errno 8] nodename nor servname provided, or not known>"
2026-09-18T20:35:00.003941+00:00,,,,,,,0.01,,"URLError: <urlopen error [Errno 8] nodename nor servname provided, or not known>"
2026-09-18T20:40:00.004719+00:00,,,,,,,0.00,,"URLError: <urlopen error [Errno 8] nodename nor servname provided, or not known>"
2026-09-18T20:45:00.003409+00:00,,,,,,,0.00,,"URLError: <urlopen error [Errno 8] nodename nor servname provided, or not known>"
2026-09-18T20:49:59.999324+00:00,,,,,,,0.01,,"URLError: <urlopen error [Errno 8] nodename nor servname provided, or not known>"
2026-09-18T20:55:00.005549+00:00,,,,,,,0.00,,"URLError: <urlopen error [Errno 8] nodename nor servname provided, or not known>"
2026-09-18T21:00:00.006431+00:00,,,,,,,0.01,,"URLError: <urlopen error [Errno 8] nodename nor servname provided, or not known>"
2026-09-18T21:05:00.001083+00:00,,,,,,,0.00,,"URLError: <urlopen error [Errno 8] nodename nor servname provided, or not known>"
2026-09-18T21:10:00.003926+00:00,,,,,,,0.00,,"URLError: <urlopen error [Errno 8] nodename nor servname provided, or not known>"
2026-09-18T21:14:59.999762+00:00,,,,,,,0.00,,"URLError: <urlopen error [Errno 8] nodename nor servname provided, or not known>"
2026-09-18T21:20:00.005787+00:00,,,,,,,0.01,,"URLError: <urlopen error [Errno 8] nodename nor servname provided, or not known>"
2026-09-18T21:25:00.000551+00:00,,,,,,,0.01,,"URLError: <urlopen error [Errno 8] nodename nor servname provided, or not known>"
2026-09-18T21:30:00.004477+00:00,,,,,,,0.01,,"URLError: <urlopen error [Errno 8] nodename nor servname provided, or not known>"
2026-09-18T21:35:00.008331+00:00,,,,,,,0.00,,"URLError: <urlopen error [Errno 8] nodename nor servname provided, or not known>"
2026-09-18T21:40:00.006412+00:00,,,,,,,0.01,,"URLError: <urlopen error [Errno 8] nodename nor servname provided, or not known>"
2026-09-18T21:45:00.007986+00:00,,,,,,,0.00,,"URLError: <urlopen error [Errno 8] nodename nor servname provided, or not known>"
2026-09-18T21:50:00.072593+00:00,200,8942548,224c334e04e0c0f5a18b586d60ffb318460737a82b2fafd5206a16feaf7bdad6,2026-09-18T21:50:00.446044Z,,,0.88,data/raw/dynamique/2026-09-18/215000.csv.gz,
2026-09-18T21:55:00.002327+00:00,200,8942409,27dfc08f34e39016103de5c8189e39e6d7e585ea0dcfd1f4fa0e447513895e93,2026-09-18T21:55:00.355726Z,,,0.61,data/raw/dynamique/2026-09-18/215500.csv.gz,
2026-09-18T22:00:00.002168+00:00,200,8942481,5db1dfe7d626e01e7df27f6fed0f5b184c1dfcdc431720c31f64c6e3001eeeb7,2026-09-18T22:00:00.486846Z,,,0.74,data/raw/dynamique/2026-09-18/220000.csv.gz,
2026-09-18T22:05:00.008850+00:00,200,8942270,b958be92deaff681ce8edcb6bf77718cf1571c302fe4461587778ac32593366e,2026-09-18T22:05:00.317227Z,,,0.57,data/raw/dynamique/2026-09-18/220500.csv.gz,
2026-09-18T22:10:00.001688+00:00,200,8942126,ccba3596457adc7f0f07950381c9bbe07191ff5d0f497598298121e7c1c160b1,2026-09-18T22:10:00.344368Z,,,0.60,data/raw/dynamique/2026-09-18/221000.csv.gz,
2026-09-18T22:15:00.002495+00:00,200,8942086,1c73b6f527bad6aa141e10c3e43c7a9fb070db374d0bbcae418b53b1a881e4f8,2026-09-18T22:15:00.375530Z,,,0.64,data/raw/dynamique/2026-09-18/221500.csv.gz,
2026-09-18T22:20:00.005527+00:00,200,8941975,8fa941229af3c5503f6e10f73c7c945a1c3bc3875fae19ce5a4855ef0853f0a0,2026-09-18T22:20:00.337494Z,,,0.59,data/raw/dynamique/2026-09-18/222000.csv.gz,
2026-09-18T22:25:00.005964+00:00,200,8941852,ae30d6383a10bb778e86b0447f21e8c80ab5ef5415c1277cdf725c26305e8357,2026-09-18T22:25:00.319288Z,,,0.57,data/raw/dynamique/2026-09-18/222500.csv.gz,
2026-09-18T22:30:00.006809+00:00,200,8941797,423eb83bf74e1543e866c65fff7c86b30fc5017ac0eea1969248ac8ccca23307,2026-09-18T22:30:00.405797Z,,,0.66,data/raw/dynamique/2026-09-18/223000.csv.gz,
2026-09-18T22:35:00.001713+00:00,200,8941895,0c3013c27a77ef9ca81080cba8dd4b4eceb7457ce3fb433a36897f2c80403d87,2026-09-18T22:35:00.353833Z,,,0.62,data/raw/dynamique/2026-09-18/223500.csv.gz,
2026-09-18T22:40:00.007600+00:00,200,8941746,e8bcbe05b900858af12608b2865f766fce614acad1a9b0dd41969a264fbc8ea2,2026-09-18T22:40:00.362332Z,,,0.62,data/raw/dynamique/2026-09-18/224000.csv.gz,
2026-09-18T22:45:00.005277+00:00,200,8941642,92a1322618ff3266d71ee6fb4eac597d674216bc64a8b334b87bf636e479bb77,2026-09-18T22:45:00.326237Z,,,0.58,data/raw/dynamique/2026-09-18/224500.csv.gz,
2026-09-18T22:50:00.000350+00:00,200,8941607,bc8ae890ec198af53ab191571e610dc92246afbc776c764a4412aebef0fe06de,2026-09-18T22:50:00.345854Z,,,0.61,data/raw/dynamique/2026-09-18/225000.csv.gz,
2026-09-18T22:54:59.917995+00:00,200,8941507,9aebd2b81ea2e8f08ea078dda9e354cf7da2da76e40491c4417b7e43dc79b467,2026-09-18T22:55:00.360647Z,,,0.60,data/raw/dynamique/2026-09-18/225459.csv.gz,
2026-09-18T22:59:59.994291+00:00,200,8941491,4b7f05399161e92a64749d40a8e2b88a39ec93ba8aa76df9ccb9d73408c5f120,2026-09-18T23:00:00.534097Z,,,0.71,data/raw/dynamique/2026-09-18/225959.csv.gz,
2026-09-18T23:05:00.000779+00:00,200,8942321,0a516bbffbebe784e12b40c233389ca30040f3436ed8a7672249865a2cf90ff1,2026-09-18T23:05:00.429169Z,,,0.58,data/raw/dynamique/2026-09-18/230500.csv.gz,
2026-09-18T23:09:59.999239+00:00,200,8941597,80d23b574f034c79b6a029acd05a5eb3974088af934a92657ab0868cad9fab4c,2026-09-18T23:10:00.438514Z,,,0.59,data/raw/dynamique/2026-09-18/230959.csv.gz,
2026-09-18T23:14:59.992271+00:00,200,8941659,dc62ccef4bcd7cbfc5dba4be1be56ae1106a97ceafb7bd9bdce2525838601aef,2026-09-18T23:15:00.438587Z,,,0.58,data/raw/dynamique/2026-09-18/231459.csv.gz,
2026-09-18T23:19:59.999782+00:00,200,8941669,f68b1c162641005f3b0a4eae01c067357c88eb92fcaf8ef1e9a5bd3c1ad0a8c5,2026-09-18T23:20:00.454003Z,,,0.59,data/raw/dynamique/2026-09-18/231959.csv.gz,
2026-09-18T23:24:59.867476+00:00,200,8941620,eb1b330dce57fb37b0aaced4c13e924f8c287732ed4130aa6afa02e714b8b30e,2026-09-18T23:25:00.441945Z,,,0.55,data/raw/dynamique/2026-09-18/232459.csv.gz,
